0,1,2,3,4
0.28244899246322297,0.5099050172840014,-1.4807771897002924,-1.034021212262198,3.2550941796380246
0.03966587195891836,-0.44359567564525376,0.413344075152817,-0.4667757928935099,-1.947295206618438
0.8910415394757167,-0.6184483965617793,2.8103987626338296,1.1862546169123107,-5.50957650459111
-0.4876800531619628,-0.8605207155830048,1.8194490631826175,2.624665563690801,-4.941894149094806
-0.7062719867739962,-1.071578539446975,0.5226907332719812,2.856632806012434,-3.0581792996103134
2.02463711493403,4.703488441345035,-2.940746374842057,-10.990235244904044,10.405280720111296
-0.2786372767939989,0.47459203640637654,0.6887814521049346,0.7015604784850518,-2.7704103889798883
-0.08055993683050004,-0.28535017229379345,-0.6120521611121871,0.869729760186192,0.4483553740336583
-1.1380583822552066,-3.0900273568980525,1.249197903339314,7.130496198873589,-4.993538417632722
0.10487273649754005,0.8598569604165356,-0.7084078387827024,-1.8738651784098797,-0.03686410397640713
-0.07209519433314697,1.9945622327903252,0.1609727824916902,-2.8388304955773376,0.8876219191442803
0.2541582481942389,-0.476069479743815,-0.5602084921903414,0.5469669535876587,3.798929929541772
1.6012674417844874,3.7293167109866427,-0.4218503635436904,-7.598327412947008,2.3519014584020237
0.019206886080349688,-1.945509181306323,0.15084512542508324,5.809530079267548,4.517430721850988
-0.32934536135771997,-2.671979477285136,0.4878807949816244,6.734177188199641,0.3371959568198064
-0.6711616877792104,-2.632075187706949,0.8699127889983809,4.16055728097742,-1.3633172495108348
-0.7740519285902385,-1.208099884184525,1.4904990900288226,2.3837389390518893,-4.277781281439987
1.3955488642181444,3.1319236489195514,-0.5935028079829336,-6.481430178793977,4.8294401203289565
0.8143040819602186,2.009073194268478,-0.8520644134633953,-3.1761589079657413,4.442755695074563
1.1348599476748298,2.5210440911525533,-0.9358771866398364,-5.627917088794735,2.195755281490503
-1.0629966710523118,-2.872929302076694,0.2527271012009714,5.242913815580248,-2.1340714407164554
0.35416712190403743,-0.05059701394025573,-0.5710735706583893,2.5981633141208063,1.6378566968088337
0.6247987389213802,1.939801188583141,-1.5183586209808217,-6.688520542079432,-1.7577367152946706
-1.8142192554695529,-3.4311246515519542,2.0656875469777933,7.2545940109854525,-7.330697861019747
1.447008019314041,2.8559848340742593,-1.0782699345437272,-6.03184593168345,3.929006234156235
-0.40202461890658664,-0.4066892601841115,2.003251729313794,3.0032225462255657,-3.28677005860429
0.03619287028546151,0.8279389094986461,0.007252984684923419,-1.818660294956167,1.714383110834776
0.3792911572869014,0.8270627082817885,-0.051280774621149015,-3.21301182860283,-1.0414095756887445
0.4635581907671807,0.5024181294384893,0.46709666159822966,0.07359160825414923,0.23327567182502607
0.0770718361505021,1.3156217125260117,-0.6471946843367425,-5.227167285456437,-1.4627264617503553
-2.3640753870511806,-5.280644618516583,2.44330687139198,11.67373885610892,-9.241999789630395
-0.2755669361014069,-2.8131127391950788,0.06676934680027992,6.268988208637588,-1.9468844793627214
1.1390784337673538,2.2999427487476605,-0.7360310406252343,-3.272667508799718,5.792899950979534
1.4338150512398788,3.642283869489451,-3.3907325259232053,-6.701270806641865,10.53732357894915
-0.40366287505094073,0.7377593321123284,-0.8715747289804737,-2.077272437510494,0.6777097435484172
-0.36570893344173994,-0.7348344683864622,0.1737983035992936,0.9152684879666809,-3.0172882775184546
-0.8777627859005893,-1.435949837569096,0.5978331224587639,2.646548845491541,-4.760511400775372
-0.16899721901528994,0.10896993307056259,0.9400854645453058,0.24376850930228328,-2.5421051254476628
-0.415813898161803,1.6019328594182976,0.909002160919639,-3.913627984407507,-1.5817680911617136
-1.1538055905445996,-2.491423211003473,1.795840453628934,5.350433052086636,-6.798135843241859
-0.27757170328316316,-0.3856973469661917,1.1385854272787268,2.6835630718057795,1.1418852976710834
-0.19547083476093544,1.678620638642279,-0.11746731103895398,-3.3014286697237694,-3.9286431514767637
-0.3702278931618397,-2.4358948906031666,-1.7671807937072916,5.001577333351793,2.549902243982927
-0.8034444613575135,-1.818875651473708,1.2234996959619135,3.8161809451710273,-3.1002076348198826
0.8242417968251127,1.9277161730631722,-0.43021462837306784,-4.92864996442263,2.657607033313476
-1.0505511325355454,-2.9655619053407594,1.2753589615024052,4.783087953911138,-8.562894397456123
-0.6027220309080908,-0.9632337520462427,0.7547423605397305,3.464932674515489,1.44957937100687
-0.6423276482126381,-0.7435108302287865,1.1292900459454271,-0.07623757635226225,-5.054360398956839
0.051861350365571414,0.37853203876943503,-1.0015198815969721,-0.47717193189597945,3.6514796095446487
1.9715738393353401,4.724582808612145,-2.736986424305023,-8.616205502795744,15.310943731202794
-0.4787075023741844,-0.4070853833248622,-0.7946892278457822,0.9277159281070491,-0.3725852592312937
-0.8868607461843341,-1.994413330614646,0.9890250412993237,3.2390772858432566,-3.9663590600527043
0.07053116779188016,-0.7432856839329861,-1.6459334019807284,1.5115515586299868,3.3326717069727216
-0.11328753346029727,-0.7271716064369208,-1.1859572489740582,3.3086629483567584,3.9990488116950456
-0.05092855698059289,-1.628315275929932,-0.7578584141187095,3.6042255647117307,6.6051706177149985
-0.24430331439550487,-5.252316060521262,-1.8129831988187968,11.094494750249345,4.26700003646279
-2.023615474737585,-5.290250278588353,3.3478130209388968,13.73787152691896,-10.425585060382264
-0.47834930458426583,-1.539767941701464,-0.9496528393709428,3.919080536661419,4.868857674974432
0.8372882621864597,2.33176966841843,0.13803137847569624,-4.867054339408002,2.6119236814573394
-0.7015648197772156,-1.3295178603431406,4.050184845880023,2.043656108657686,-8.633074730317444
-0.3070251114675994,-0.31461646586135406,-0.024629398508677666,1.597157254291862,-0.21832950445777022
-0.24230740816073718,2.414174453077029,0.05460756657302071,-4.650697580371096,-1.2992922476892088
-0.6005378498850039,-1.4393026548041927,-0.6004670480153873,3.521105044388513,0.7009609055733428
1.8583605114799395,4.15546795522978,-3.4833445285897713,-8.338066840453505,10.023315018726768
0.44557155662817144,1.0496700232084288,-1.4638592630535991,-1.6830988055603247,5.959861602659906
-0.4428393636941944,-3.2482797927905347,-1.3655996455109498,6.5830971900730475,2.458674123444358
0.6915418187391411,1.2333477270035555,-1.2542949929247695,-2.3632501432642723,3.4770290032047875
0.23860273814680188,0.12041699311883856,-0.5613824466780998,-0.1677895570504342,-1.006278750014453
-1.556371951901112,-3.109370273802885,2.4228210196495557,8.064782196186115,-5.934387880396013
2.23908462996558,4.937043996853612,-3.33397813979491,-10.779518867794263,12.655164195427556
-0.21725046765965295,0.12062266655351324,-1.2039499569963077,-1.0654759276320327,2.220436006794
0.21190208878887687,1.2672768548224345,-1.4031423294785201,-2.8508654778708817,2.849003621322181
-0.5104022261401775,-0.548950223599525,0.16780362732969115,0.8621851776431788,-2.2795410003643464
0.6158645629126678,2.024752203082722,-0.7436749886957903,-3.3012221456632185,1.8857120717679399
-1.0862422067493203,-1.9582267614420612,1.0218285745925175,4.945796505514792,-0.872595949467894
-0.000968830176247532,2.1643108579777093,0.6756766457629854,-4.8655814178294925,-3.206981724329602
1.179083301319986,2.788336749386389,-1.6165585577871853,-5.60346850156902,7.274180484303132
0.05697157260745732,-0.9816081727877825,0.34048641776217503,2.783628214226105,-0.004891612464460654
0.07696515452163893,-2.198020901415603,-0.18408197616090535,6.228198642194656,1.3385736378972322
2.0588333150098324,5.906534018218071,-3.5631968599659243,-13.332539087188726,13.746684270251228
-1.3804955108435908,-2.7558150003317032,3.922556733030379,6.75444857899078,-9.307358194079171
0.395088243424287,0.8274466725403354,0.28447042322821664,-2.486683230942689,-0.9341250493519375
0.9721141792486526,1.9515833864657741,-1.6374615282767222,-4.347467902237258,7.051493015659382
-0.23988156121062196,-1.0446323036436689,1.0374857791024676,3.7648077637132227,-3.7419928959829636
-2.296464994306554,-5.110063111828849,0.8959168760095397,10.922021690100008,-4.437233032668649
-2.155070570585899,-4.994827824348316,4.32934109719026,10.602996705774089,-13.857146251526125
0.3317495553432796,0.8135140921125624,-0.3575377001566946,-0.8356870470871791,2.713687752028642
1.694060128397603,3.7567185374855905,-1.1588381673770427,-4.57315472781175,16.00053981863656
-0.23058103367454252,-2.628151051236138,0.2109481530594219,3.5818777182454404,-0.41447543811022547
-0.1332468733509466,-0.5518210586248364,0.5574872624927862,2.3481419973105244,-0.9557992831712615
-0.6156021024787659,-1.9489512928190675,0.5407645721781158,2.99450980122947,-4.310822823177855
-0.13044310904345938,-0.02595840150572956,-0.6799882200107206,0.9732572571851899,2.3422860813654776
0.5415980986158709,1.1888820792728243,0.22499262517107918,-2.693792954676508,-2.030775507463568
1.4622688724666875,3.366326766175123,-1.9927819808791267,-7.113307188695603,5.6434909974595655
-0.23913156704304486,-0.5296843665311978,0.7339481183944684,2.7601171662980053,-0.3987397481698081
-0.7923306117487765,-3.32075871364842,1.6000742666135757,7.029818582446494,-2.927512809015813
0.5378605360635318,2.5152073060877074,-1.4059440212500742,-4.423703569399827,4.233422356478245
0.3558790449738297,1.673255255834079,-3.834296450700618,-3.269499050668271,9.554799692022423
-0.5944617615229171,-0.6498066114013598,0.5882853047665161,0.6452475367970354,-3.591934015047094
-0.8094805020014548,0.6058200113581415,2.2978695844585753,0.2841822618806782,-6.899193534037677
0.3408648977901161,1.2331825949687212,-0.30864883490371897,-2.4988874918166943,1.5085505043637721
1.0429011856010844,2.267688651158281,-1.383295240945177,-5.314845503334198,1.0139748420213064
1.159762693641055,2.311672115836116,-0.22364911470239646,-5.888610620403007,0.04566984182067335
1.6677028432109522,3.723612765701423,-2.426875774019088,-8.26041076538392,8.795378359514826
0.08263471971109698,1.4290527436234113,0.28154419047533363,-2.7430975239806394,2.2150772950103903
0.11112449744736971,0.5623302155970418,0.5662825627612438,-0.46964737109162735,1.2547698333561215
0.1587185748861957,0.2719236317016478,-1.2557546006173677,0.7052461495689253,9.505332881843927
0.35377300934849426,1.1101979825188673,-0.22716166178012867,-3.5043819169450683,0.14469680339814595
0.4453106973350051,0.07976999532564398,-1.2801336881285912,-0.5753645858544882,5.73063371660678
-0.11941888484468065,-0.5825187773521394,0.0016306876436289527,0.33250314783551527,0.281518344877296
0.4953500290597804,3.9607370477057087,-0.20993008855170472,-7.611000251856299,1.8249811295761256
-0.9926751305024376,-2.021457764062885,1.0029808287398054,4.5794480112475835,-5.497924711199131
-0.4554304760106382,-0.7020690397403914,0.45513222836405826,1.049361432308181,-0.24707440298279892
-0.33385212869120745,-0.8729758151383495,0.30346612557260827,2.469749578672073,0.49094410189518367
0.24217195934837785,0.6058590018672638,-0.6201460539962057,-2.907665940300808,0.6907628712044537
-1.0178157700216386,-2.7555035547888425,1.787882431736867,4.967850449347478,-9.622293205008699
-0.976328178601707,-0.5586544251437648,2.5265935231824725,1.4097710658560658,-7.913755222114351
0.19886820357275087,0.8910527109855567,-1.1133187121448997,-1.258358256360894,3.947836859238779
0.467743754029034,1.1420231866451123,-1.2545585083611794,-2.209089252092421,5.4922009829756036
-0.6246870396627634,-1.707692906767028,0.8908208630443624,3.7360783130252146,-1.1617439879985532
-2.568411075247673,-6.942905966682707,3.3146627681970933,14.228731684235605,-12.443477802729845
-0.3860140094199828,-1.1717053433191407,1.4056544835351341,3.147629936802532,-3.2405013645332774
0.21920295795615086,0.6313780240690756,0.37535061561500593,-1.054317194108267,0.8323389401591426
1.4599144446834122,2.745321235916053,-1.6547827873484056,-5.576974627951129,3.0929762279496593
0.08968788328600631,1.1250023763690544,-1.4410316140935717,-0.2509451810069514,6.022974358768075
-0.10693371794273786,-0.5762038353958125,0.16560041240680515,2.6347781027483377,0.8468788476561318
-0.1666082977629897,0.17649252407722,-1.51300900331447,-0.5822258850820914,4.457585252537432
-1.6972176283340379,-2.402315042187453,2.233229274156914,5.140809020202972,-11.049116609889877
0.7764836980981566,2.078260704627669,-1.3192418101943233,-5.062879329588451,3.8630470261141405
1.4770808624408498,3.345796197893885,-1.6367026275418208,-5.273975791070498,7.0742133428116984
0.13554582186748995,0.8234132352244551,1.4123212361920339,0.7575555931102023,-3.1788447738564773
-0.16787975532052576,0.20450818892802639,-0.2370880552989867,0.416460476453278,1.5839196486905376
0.39380489603045654,2.0808752047602637,-0.10922077999805771,-4.161935702577297,0.5659697629796451
-0.27341526349531436,1.0084134234651188,0.46729506647430946,-2.999161314472526,-2.570788229746051
-1.795690854668905,-3.7694425023564238,2.065884404481963,7.3899643872992025,-9.545205059036464
-0.0014428913649879686,0.3643797823481655,1.6432980283073437,-1.74057983723007,-4.57997405351874
0.6212249397192668,1.377547590737362,-0.39672784541680894,-2.6905543175483437,4.963216675658656
-0.6864919200477079,-0.19735360404968993,0.6248983969264083,-1.02645628654985,-8.303984928619894
0.1505911704943754,1.3121723750123668,-0.22979291729733775,-2.6060184342093415,0.2020796641199123
-2.6271158590642387,-4.9753144924670885,3.6044260967441684,11.249577893798287,-13.571137276410358
-0.26237802554522294,0.041875482155520595,-0.13133572319086337,-0.5399773783395125,-0.30064974899533015
0.7937625013467565,1.8864334797406899,-2.312900666439121,-1.4864910204874293,20.141493857345047
-0.046702892430617725,-0.36572213632839556,-0.7182991962881442,0.9088416412791634,-0.7811651647953635
-0.03320863616660363,0.057238300772359516,0.4461256275450128,-1.0765663089766324,-2.411268822248551
-0.8523038254134006,-2.854573989741144,-0.1914048383039257,5.5755119025588105,-1.097452015267506
0.6570719590604143,0.27757039663940897,-0.7767845511873298,0.4389388727056196,7.486827756700602
-0.9226472384100849,-1.5835225269523097,-0.07958277264014922,2.6475588529272605,-0.4477024945099992
0.21037641286331085,-0.5083703621255641,-1.3355288461838513,-1.81004256521239,3.171388288038565
0.11525861883001622,-0.80655776992584,-1.2901604015895953,1.6729164439006075,3.0862803442194613
1.3713819548954904,0.08921182970464192,-1.8629368003813829,-2.524579591372548,6.71696421584943
-0.48444686169270107,-2.5869800029661567,-0.2994577562781692,5.568491772759362,-0.3241225006721645
0.07244403491872324,-0.2616855331490132,-1.1162044324562532,-0.10267779988001713,0.34231369601565276
0.7954169300656128,3.016944416331706,1.1146630439080245,-7.543692795862883,-5.413069748906234
0.03733533812537216,0.6424635309090557,-0.4734601922465341,-2.390304090223184,0.9531425114937266
-0.02427117059409479,1.645788059846694,0.8760021681093229,-2.2765450778758076,-1.9590778209646107
-0.0712579457416056,-0.6142585669458773,1.287390470908396,1.3043581595382971,-4.216762339837954
0.4089655798001289,1.5227293353575266,0.3246837290100775,-4.309018470793385,-2.701509453617814
1.6229049475454866,3.1239989613758494,-3.8588587678117974,-6.250154345899472,10.901825334587413
1.496152068546441,3.514726227627799,-2.429007272507829,-7.881735741643288,8.056510731274487
1.215217405092487,3.0506250400250434,-1.6884609651326505,-5.388136926301798,4.957838848176259
0.004730371922548889,1.5271025580464141,-0.050982563822676095,-2.949133856507373,-0.8122410924329759
1.3949405922039475,2.8527470117647313,-1.8181844895223092,-5.240795307512961,8.984250725905085
0.39857549770744094,0.9871366689920098,-0.7591513736186771,1.068049763512101,7.275788520585323
0.04058100191730175,1.163576563444575,0.6275904164478664,-3.3375309186768756,-5.528293041051725
1.5827318226219576,3.8897095930820584,1.056639321969895,-8.23062747064914,0.690309092856678
-1.0457988998674537,-4.028188882977451,1.3714542743791776,8.859064146251011,-7.59721492311091
0.20344273179116917,-1.1824086407760253,-1.6674572621678871,3.441631374566513,3.1648393727790047
2.323643080413047,4.613733935297912,-3.2221611162429036,-14.102539787770047,8.433734037203713
-0.5113796561756329,-1.9448352326897997,0.5711950931274177,5.14329159827155,0.346771599223172
0.07578169039293652,-0.5930222971026776,-0.3321610009808651,1.5206273744529628,2.3609816624732947
-0.7149256505052141,-1.8251472490653993,0.9994521142964914,4.710573265474973,-2.465759657880748
0.44954809438737153,1.362235917817781,-1.6796116253851225,-2.490114195221401,5.106315962476594
0.0819757121094323,1.2515811073426768,-1.1799238170436313,-1.2105520902412878,0.628103326426551
-0.5979197630434635,-2.9730338860795555,0.7301717036192524,6.840277263801038,-2.3626763155047277
-0.23663899046777812,-0.9623240192951783,-0.3262977438252781,1.736342922653548,1.2095502527418482
2.6653626357830484,6.937256193506976,-4.232437290187039,-15.811136121406747,15.599139300384609
1.7632620120446434,4.600550457545492,-1.1511912979224461,-9.577099536141455,2.504269441517185
-0.26876772237358,-0.3885911476872508,1.3921338459078332,0.8299599400692091,-3.5247922777135785
0.20438441637083407,-1.1415663030013443,0.14902309146729367,2.7604513577907706,-2.3554082124724602
-0.06884637324844307,-1.3391244018564779,-0.08194622009846873,1.0540200808181432,-1.4277960693694447
0.006034582123729888,0.11988810114889102,-1.6243433894793649,-0.4169826322623148,5.702400181399392
-0.27578780896199406,0.031942262998977816,0.3613352846776388,-0.7072075096618486,-1.686017179464812
0.7406486253842878,2.139542127561187,-0.6738516128477944,-2.355325356164358,9.67430223536481
-0.5313108758759377,-1.5839990074692927,0.7518733162354321,3.4922806281402585,-3.4502119347199143
-0.7250857303726829,-2.2012072115489465,0.8426019394612752,3.1762283725732825,-3.043655843206617
-0.1652964431130085,-0.6699185237283305,-2.6884164291614847,0.8754653751873636,4.018847284127047
0.8373953858983342,1.8485719443699593,-1.1610788626094046,-2.669598688872657,6.496720524980724
0.03518481192233184,0.5002452115766554,-0.3127563403009773,-3.5025133075973782,-1.7474293133834975
1.498711585840113,3.266029436840874,-3.713227856752769,-6.730205355046242,11.28656215651966
-1.1371693345945646,-2.4533637711227714,1.022737806289356,6.88940574292973,-2.3350773609073925
1.4826551729986455,3.769753997589774,-2.9747271477794155,-8.921914301335567,9.224309440904726
0.677829777108808,1.9242250185018275,-0.821951396653422,-3.2756107888735846,3.2335006919559675
0.6144936321529826,3.106816133560624,-1.6239534337919435,-7.410018969118258,4.260393676574726
0.7031816054242124,-0.04914866112219048,0.8034001298854008,0.6414257879798672,-0.9316922019620412
-0.5594579881600114,-2.1671287039220855,0.42695358703633535,4.055988958619489,-1.187724586900509
-0.9470137441348633,-2.8483309374307355,2.1475489749400984,5.604679019740091,-8.216405352893506
0.25599982625955997,0.21087555265504315,0.7657830814594642,-0.4362604668996143,-1.8488310725464543
-0.3939187173949881,-0.8970907011026743,-0.29815091152381307,1.67738184277969,0.33914171893131756
-0.3729501224526058,-1.016073335772399,-0.12932560998461923,5.178852894908581,1.2341225759892636
0.3958713368130825,0.8142663379742539,-0.06425029140455199,-2.8141586003956207,-0.050041470936718735
1.3490445202718278,3.5367645024784116,-2.304395531369969,-7.607293044445031,6.871161525019179
0.3510871516887241,-0.38501628137716126,-0.4285313325690794,1.1544973283006355,1.278593013556955
0.5983480645374862,1.1268446891139292,-0.8832441997082993,-1.800392691214459,6.369043934522904
-1.047920017730896,-2.878636722467659,2.284592380742928,7.434837773104451,-2.239021707527618
-0.07661494103093258,-0.49111948326180815,-0.8026836283379892,1.6689457144886495,1.721318873151232
-0.8052981825527161,-1.5578234310546557,0.8474006037240982,9.27998345695573,0.27573756357244766
-1.0650458950419903,-1.9171280066442584,2.2735483348832317,6.042033615624777,-2.024190945652782
-1.1801477291283498,-4.308032629462419,-0.6785362566015305,8.98502046683663,-0.025021275717568986
-0.8730222759828238,-2.03049907955976,1.380498876593391,4.140470668234675,-4.188881614111597
0.7195443184184136,2.3694599854850056,-0.7843028034833763,-5.520999706174412,0.6008098740347909
2.206816867724158,5.751173991838244,-2.636819608212898,-10.665766944673486,12.291700609308158
-1.055776357105593,-1.7601510412710226,1.2916277949246835,4.162597772920893,-5.521959395108146
0.6706409779154848,1.8890579564012093,-0.6728362457553898,-5.22652814440868,3.2078145131228895
0.5146254959633833,2.6113762404688643,-0.662497495420448,-4.537843720836333,4.487068333982471
-0.16687009028714658,0.4427038506003178,1.311467694222166,-0.7161696555198787,-4.888836923221855
0.3848275440875153,1.1461089764490475,-0.2956365716506527,-2.119873934527507,2.6833631904730417
0.25638709157751804,-0.2886162107893724,-0.04073230466162759,0.7722045960727812,0.1305543631676953
2.8795066654092105,6.057172551035099,-3.688365867186388,-10.870417045097064,17.69263236873233
-0.8255964089343045,-2.099484887918523,1.1219152634418963,5.1874191041302,-0.48728684548452456
-0.16335186018891126,-1.1875773287654958,1.8803334647558516,1.170479523449326,-7.826188878973678
0.008953160030220968,1.0411462656481498,-0.7314954013953975,-2.189404752759926,1.4130094945715337
2.4027542986725448,4.2417978704210055,-2.2108425479346874,-8.078866122105012,9.865677967073667
-0.00598777205206812,-2.068206279947531,-0.24066303595734193,6.551995543801575,0.6943977624833193
-0.1826034044341275,-0.4896324775236287,0.31125330870973617,0.8130706322139959,-3.852777887756595
0.5566167683087468,1.7071781356796993,0.21610003032834696,-2.583788264645756,2.0361098301380194
-1.8725162952722363,-4.798849728723784,2.21322377894591,12.164222292278012,-5.5870237224168235
-0.0033371637837191085,-0.055340698815996806,1.6626316181283582,0.21922590958848873,-3.4379774139743726
0.42111001391630787,1.7079421685781182,-0.28961346545508526,-3.770150471266622,1.7707281638991486
0.020570102585748297,-1.1069095995500913,0.6407303681331726,2.5295791830756875,-0.8482924487673162
0.3899101645132257,0.6519908360108033,-0.6642864778993874,-2.2622322221928615,-1.9514310461979996
-1.0217824289245687,-3.055457170126061,1.1494243914401323,6.371016527846403,-3.927465052978256
-0.34447082085128683,-3.2939284725876687,1.003463110190955,6.536702273582994,-2.5191303952137405
0.17005685495363204,-0.2943342726326739,0.9007849476997645,0.7727603700610906,-4.024308460351151
0.528687467794615,0.7345675080757508,0.10090611674246663,-1.433972702113003,0.3182075018558268
-0.21757687147031346,-0.164282720118395,0.33010356916240186,0.6135290792347861,0.72829880947331
0.07747989559369634,0.9291827158596284,0.34077557819817617,-2.3583581151735094,-0.3876355427467442
-1.1469483122983264,-2.5643875579480206,1.5943111853950016,10.111528797488038,-2.2043336541904055
-0.06459813368509763,-0.13193659923062032,0.09966638909337676,-0.12303906854450747,0.22228551692892312
-0.211003666106982,-0.2155549402321559,-0.00029990645216995346,-0.29215216500184726,-0.32036915470939487
0.2021928964095905,3.964477196220071,-0.8633314905212678,-7.792701298975447,2.1290633375980086
1.2750262430494763,2.890704572860964,-1.0171757831754304,-5.641457577253349,6.608852483086907
-1.1616439393093536,-2.949650783829805,1.1247034797850946,7.448669604203397,-5.293423733248482
-0.21383800835168773,-0.7180863685965667,5.101596565416685,1.0286542562203704,-15.024524223110827
-0.1611782388003305,-0.35161818395308325,0.8590467290097724,0.5542617233185999,-3.4751351963892674
0.8754954760884871,1.3163381029078114,-2.9198320528972745,-7.029333651116794,1.9500607598113968
-1.475475511691481,-3.7775637349144375,2.69950072131938,8.214308195910128,-10.51297001282246
-0.5437218242101429,-1.781175987574266,0.746617979677565,5.454598485183444,-2.999183102094264
-0.5729057240203932,-2.173314715891845,0.5060242006786295,5.224568213373429,-0.19914615462922408
-0.1693914789600985,1.8473408718449595,0.04717172726087187,-2.9625497208993434,0.4291085364560807
1.3778406481926726,3.002823791766348,-1.8230244373139206,-7.114141429953024,6.591598753215681
0.332621679402259,1.0727930812564939,-0.23915855891343263,-1.68805927646982,0.8186688113573745
-0.1388731037221325,-0.751961561391709,1.4125633365175339,1.33755943389696,-4.356139871213514
-0.4751844766407411,-1.1132759237536698,0.43819700150510943,2.195667302308544,0.981712047927781
0.3123535285439646,0.05434441696200459,-1.3974593305239618,0.8458428683839072,3.7679816186854507
1.7733243702745425,0.22948422152868142,-2.338890353732743,-0.12331360303199612,9.124648761582085
1.8182284492829317,3.7866870961694503,0.6292169632637516,-8.009851559645771,3.200708152295174
0.09169796485843747,0.559206097765386,-0.5184048714848866,-0.7388161869936458,4.485782942632173
-2.079090138156792,-4.826351854176792,1.8285760021016082,9.63504137890012,-6.760910917621763
-0.016977063988291224,0.03212881546210751,-2.3970226665703422,0.5832434528001489,6.667488624566581
-3.655613771645848,-8.857497795514144,4.654572108275335,18.855795683831264,-17.507424851645872
-0.5810627187096967,-1.7628183085573637,1.7567163191430004,2.542408640386007,-3.8322904161410856
-0.8236237472482376,0.0010955446445160976,1.3018456842385489,2.7097452736836725,-2.1010934118064553
0.15848581332249134,1.4761502944058922,-1.382606578682945,-3.759840242566139,2.00124547710568
0.4740920335823627,1.3762378621069504,-1.1162375240922857,-2.598479626660615,6.666457270798354
0.2798150709991247,0.7129393499499727,-0.14416800129790733,-1.3188421326653108,2.3196712150135217
0.31405734118001233,1.6384021326777334,-0.48283499449516865,-2.7578094466539604,0.736959475608344
-0.6607520484062072,-1.9606278364602625,1.268084346471371,3.9525299014305357,-5.720628444882944
-0.20833252988478854,-1.7659427314411387,-0.7291621569025762,3.449116789796708,-0.20713329308761327
-1.2802104240915044,-2.587884465326056,2.2935852327664463,5.546708615763839,-6.784502970449195
-1.7663296774945143,-4.097665094751108,2.695114350121457,8.022885231522427,-11.678818839975023
-0.14280136221756548,-0.6961457581797285,1.3683585015923168,3.062004378599754,-4.2796621740041285
0.13171309012832297,0.36655337038655733,-0.593671937962644,-0.5652104836585458,1.7903351411952122
0.17453187929321082,-0.07031011687535078,-0.7750606797324272,0.1905087970108963,-1.416752190451577
-0.28224046774772177,-1.2123055140103776,2.3165401682952007,4.147571375722657,-3.709008922455674
-0.37469705443565976,-1.2709057987485555,-1.1964042808619986,1.4937293041948432,0.2257877928145765
0.5600808071627489,1.5756674101166614,-1.413921539213142,-4.4544825892191175,1.2672167171668351
-0.7158512059166902,-1.7621925716429945,-1.5852481708532233,1.5602398006541087,1.0814193767147569
0.25929560811501945,-0.5462559271834045,-0.4400931007409779,1.4020763903207043,6.424054235378802
-0.23226257511724183,-0.7062283114331761,-1.1019438556161638,0.7703034744050272,4.014172245316484
-0.06234865262128975,-0.2201096600581572,1.686261568757893,2.2355979331015003,-1.1784547907821294
-0.024850465348110952,-0.14735173716898714,1.137119294260503,1.8033690704400593,-5.91168681077577
-1.77624971207651,-6.721464425952453,2.8648794690294133,14.816499245209954,-5.584631502153767
0.9178434664907803,2.0479035701025934,-0.09901819844129364,-4.418450102227154,2.1926838925199004
-0.6894936314296355,-1.7722730069375978,-0.43186536466488146,4.1145156481173935,-0.16307778186019967
-0.07630835163300899,-0.011478366311373934,-0.24276847218500391,-1.5224867963569555,-2.1614322642342088
-0.0843260170959666,0.8375639464333053,-2.9078739684118338,-1.67293632607407,7.117781225803709
-0.5997874166154548,-0.7679943587794784,0.2764496152287896,2.2919769808640402,1.3493529304294134
0.3332891927388986,0.8674797397962922,-0.5130088456998809,-0.83213074710213,4.199610949716979
0.3714387777923435,1.1025371523868435,-0.7879589616754126,-2.7268555324907453,-0.6067759286751594
-0.7688339229069806,-2.7249686154033967,0.8647140310014083,5.482026994394034,-5.4500280352803046
-0.14365028606393998,1.2937275041598768,-1.2367385354124076,-3.4101778729042267,0.7305583993090037
-1.7176002957173633,-1.3965003108881833,2.0094564206434926,1.5633941681781562,-11.241158660061025
0.44099089570130245,2.3568227421566177,0.4979839076342529,-5.984298354013774,-2.2675210728301347
1.7672952312796268,4.634442570359759,-1.3296302454236164,-9.72540301967948,2.523306211212142
-0.9327369577142902,-3.1320286324154063,3.2774395616379444,6.7963223247829605,-9.085512984602444
-1.3764341996569611,-2.452927632016159,1.4026548339474647,4.555667604575577,-9.858047379792449
0.5247288074653368,0.8426562821722926,-0.6421431442709583,-2.2313294778741333,5.5786097902516145
0.35303838772735036,0.7349213341641911,0.049287306298323334,-2.3136650795027296,-1.1015633818427548
-0.5111269656109114,-3.273675980567041,0.25285062994451435,5.826520419751642,-2.977949488402647
-0.021572170212830526,0.38121766330362117,1.9221192901740844,-0.670829257683687,-4.477679624570198
-0.9620234195695039,-0.9558205106977989,1.0005747829754714,2.8023295559321646,-6.451434936039145
0.6128296914937175,0.5995820501689598,-1.0228159951699403,-0.8630269709037232,3.3829860954320865
0.3842582083524709,1.53383941613333,0.2506485575319521,-3.6187362163539945,0.07699797562457897
1.0969287878192566,1.9838645992467399,-4.494944466118306,-6.287363022258145,11.447884298254236
1.041448377259505,1.9049880847284708,-1.4340993041561556,-3.9410253108297555,6.43614470632718
1.2514414225954598,2.200842464117536,-3.6436675331995967,-4.781854649411688,13.488758337933817
-1.3272764339451855,-5.0460904200724865,1.558229916196721,10.555281330256786,-9.706471147575783
0.50660334820808,0.8588095888701284,-1.5422907479806178,-2.287706173537815,4.084669081434326
-0.7012955519223796,-0.40232156250350953,1.2102408334220793,0.2068900585583059,-3.916595699089764
-0.2707230848217079,-0.09441407053181435,1.2046581089335797,0.9691267634208183,-4.789792526202308
0.21427365517711067,0.5344205736435319,0.41419753215032346,-1.0775519744764557,-3.379772131942347
-0.2950529124171835,0.7339111835222761,0.2991621359017915,-1.3038486359887793,0.5782169356450524
0.09669270222214776,0.3496371123342389,0.8493735356118121,-0.8158392951799533,-0.874334594362243
-0.38145256781490305,1.6960734840920595,2.684878721423852,-3.0353513918993995,-5.129020368993482
0.06669650783762152,-0.7530496360973133,-0.010767934001175842,1.5982589362711728,-2.0569991350878585
-1.4237232257933925,-1.5668212863419029,2.0353444514747876,3.5819174187169582,-7.3341673411312716
2.414444955648311,7.691282542756488,-2.667989498382532,-14.498298371340379,15.945491602383335
-0.33933618510075353,-2.2661471319172555,0.6919874658434884,5.186499954667125,-0.625590151092424
-0.7903337869692048,-1.9907446744420239,0.7680783852014962,4.787925995329093,0.9009929340126888
0.12569365853786008,0.4301956116359503,-0.032193779763184584,-1.1475013531970668,-0.45329516298280836
0.023327278064781003,2.026172723027512,0.2762484911501819,-4.365454490387535,-2.1173833912057254
-0.7276637444313651,-2.4117528301339872,0.8895904677748326,4.058446799000285,-2.141717702949435
-0.06922569647979065,-0.5884759939858644,-0.4264393985343872,0.1611923854135373,1.5903720520330689
-0.4835501007946613,-2.578484495096615,0.8877390981172292,5.514024292127942,-0.8840642207361118
0.2157338764339315,0.8347438191139238,-1.0708960327696209,-1.964196729274995,3.0719874044174804
-3.1648619767104744,-6.22952038019011,4.470566133027607,12.995663099508628,-15.660697176731997
1.2326311603826128,2.7003328361374295,0.042306961207193926,-6.214172828053997,-0.5902127600241324
-2.1304925811875925,-7.801684646195868,3.8473189436043675,15.898493229690342,-12.926968579120587
-1.155885362324857,-4.842909299622789,1.7338349955545984,9.697479124857518,-4.65122413393235
0.22777160847252087,-0.05624939449735756,0.9805550648894032,0.4258993947180664,-2.0846688435746175
1.2335127628814084,3.308426637408142,-2.517721823711877,-7.138522675551595,9.712145856948458
-0.3971918858594033,-1.050656980127787,1.2528755928990283,2.5461524447094037,-3.4306282614880166
-0.3029797074417038,-0.124851010889396,0.33219672735122313,-0.5444033689189886,-3.980259906814634
1.0019774112118025,2.4500747126559923,-2.010722969152281,-5.55228703420875,5.6560453362598615
0.14257378680292976,0.25416704188655637,-1.7378090022721866,-1.1113752092627427,2.43475895433547
0.34001113447217535,0.18482046726572285,-0.7812419659224119,-1.1136774795047886,-0.16820949648034667
2.051287535223635,3.3456700887435824,-3.1520585526559612,-6.641083244759673,11.904863346155105
0.3968352614845914,0.6989442504357329,-1.2601396432155845,-2.586581328268192,2.505795250907046
-2.027559119215733,-5.100125543451537,1.6664604849268745,11.303921719088745,-7.961317259147485
0.0036083433319509715,-0.5194224853173622,-0.2547189943965632,1.3289970662531052,1.5830043797382918
0.9987404795183659,2.029205672051675,-0.7469169616657599,-5.511706967270747,2.5667167744646435
-1.386838748962212,-2.6309746203092352,1.9559333402862353,5.529483781921686,-7.498223961697759
1.2410032038251493,2.894058582059519,-2.325651295074162,-6.163665519331553,7.522367436510088
0.7120253404759158,1.8861864283635223,-0.07543571953682936,-4.121741226288549,0.5945010285063701
-1.2748171358138016,-4.661539539585613,1.8460171614594973,8.817695967916642,-5.735324304892076
-0.5029137291980796,-3.0578816032442626,1.2931888155623228,7.913621196226224,-0.580941882771211
3.0492988030419825,6.734629243585399,-3.6769194223833788,-13.737335479041779,16.96183591921552
-0.8291511829892806,-1.904169738441947,-0.7802015318429674,4.722972515297631,-0.6827718508340376
-1.7063571004246092,-2.041274926252889,2.7824892308185842,7.15850107944005,-6.529195153614288
-0.03446931244222633,-0.13348010989880765,-0.3074213123957387,0.23275748401734456,0.9943906398815799
-0.0036393335393161965,0.22711953572036694,-0.4816582639755677,0.876769265631948,0.8167719597443994
2.635792230329678,5.924580208844513,-3.3024273116293683,-12.79960888571687,11.929624330612077
-0.36402223468358014,-1.3554523731676626,-0.6298151295789628,2.6781711705354554,3.3948108320916566
-0.26622204725449256,1.3300195547183145,3.431227437048927,-4.3085914144997695,-11.806586293695487
0.03759479338957003,0.7289787536646087,-0.6786712564417794,0.6122747153977292,7.803123724142462
-1.3003071522534329,-2.8508820219570077,1.5398057796743065,5.948992211169334,-4.326869535842888
0.08963130684104519,-2.0054171114763495,-0.14021493557398912,4.267162748875725,0.8409803621828138
-0.27197357104294967,-1.3611473398977365,0.6374989183401345,2.819167066893051,-2.633282054879001
-1.1587836492362347,-1.7558192969278243,0.8478419927309845,4.010773179248035,-4.039163542062569
1.1758280491268085,2.854153092011836,-1.1299567411782085,-9.449347542666054,-1.3454588788997497
-0.0804812631014873,-0.8945754265797079,-0.962910002745122,1.6684721726149006,2.8707823350236192
0.7333073184688069,1.4177537682978156,0.2667476813438119,-2.5811355172545674,-2.77485414025295
0.4139875853678324,1.1993403981082607,0.49661279561625676,-2.1648116707596725,0.7446162039662478
2.0037728015107605,4.700650835214199,-1.8155318037428765,-10.666370667797825,8.740744525756435
-0.08448366877999904,-0.18463227083796702,-0.21865888313377468,-0.8198555168616232,-1.3628624206488529
1.4762512235186502,4.186854244840646,-1.3533174162419492,-8.811775273217352,5.497900471937927
1.5925559919620018,1.8326028399071308,-6.333020258824341,-5.107369600946556,17.511946159815356
-0.13149088902535103,-0.5923781974942304,-0.8396965633185433,2.179366253084166,3.5511369597389453
0.33280375811803925,0.946824474096148,-0.3607427595206664,-2.3946322176402846,-0.5208487535162445
-0.2265742938086124,-0.8119111427744627,0.9402508307961566,0.9437320008277952,-4.21599606774601
0.6734379416594009,1.404235075348782,-1.0646854260253336,-4.124483900482469,1.5646731282244164
0.040822177552108874,0.030316950491506293,0.31305758859778265,-2.1621031810358575,-1.5102656625150783
-1.298639295113485,-3.442630446069307,2.020957950046747,7.53187104957869,-7.197164586390376
-0.15682025305487582,-0.6161455617230582,0.10547101888158762,1.77327725114279,0.07138430955350594
-0.18968576516818506,-0.21924190154750264,0.24667226252004792,0.12272776451959888,-4.071323825618422
0.45821667001624394,-0.8711549335086696,-0.3874808605180355,3.4503602618659794,2.0076081540562063
-0.04997847788366443,-0.062079677533845384,0.1692022692296393,-0.4041020413513663,-2.283424256950488
-0.4291679260940667,-0.41510177149488786,1.712603462045839,3.390827190728041,-2.1138393118240097
-6.428448927419307,-13.681495940063945,6.948756199171801,27.58329615173381,-30.996663924471473
0.7035464178638419,1.5396292410836565,-1.2262304890125824,-2.2802088222520114,3.0228768789659575
-0.7495563436891862,-1.4712872329386033,0.9665558181447748,1.7172121507517515,-6.751009323510572
0.36119443543358315,0.4376770427589209,-1.2765922778227041,-5.363096276793272,0.6979113799361866
-0.2513409155489954,-1.7262219744233254,0.05564349914382677,2.0431870137156247,-5.347349600369004
-0.3105302959744645,-0.8024186128608158,1.1010847563654642,1.5696846341624058,-4.18451609555949
0.42078434334706194,0.5825072673493353,-2.121901669743737,-1.9132597248144534,4.347145107680223
0.8322516215699588,1.8491152319957764,-1.4069128340132153,-3.3663300129266522,3.253520313906737
-0.382443880313999,-0.90904128399883,-0.0825987157655272,2.977736993057634,2.541752619208764
1.0782144733042278,2.17674449186998,-1.4442375789485624,-4.499996276150305,5.371279832924409
-0.34407363263934126,-0.5569214388848455,0.9419792437080192,0.82785259077234,-4.236555476517119
-0.1647479619653819,-0.25328422499380093,1.7577287078687993,-0.7688608354761641,-3.364042001689363
0.10138898807127888,-0.4504899191715924,-0.21301419629470975,0.06278194493920919,-1.4580332201385795
0.31433123287053283,-1.0167772469598009,-0.49971722459721934,0.13418999529605724,0.2828192188510051
0.08385110741387863,-0.1600901694296849,0.264065571378112,-0.7869898200159708,-0.5272784634936996
1.3401508042724086,3.651677064131918,-1.4516536642289528,-6.770514682932291,5.997752433667811
0.6518687421507143,1.6071926369031202,-0.5423930462798596,-2.5978221855927557,3.114100355789749
-2.2041230910866405,-4.892363168849013,2.296523608497712,9.744947858478994,-13.182650675621055
-1.7538004610714215,-2.2744576541057246,2.276364403618989,5.884332040382321,-7.736567657911478
0.20776140147288177,1.2250042845276388,-0.9581808541918629,-3.671340914009737,-0.406699463875301
-0.029998273119588127,1.6124396755444768,0.3196606752640041,-3.7780831399643375,-1.3175786350614054
-0.7920526435949358,-1.751629373410441,0.6574816609710614,4.967931792552959,-2.3970411702475367
-2.4269257222147003,-5.936801324772284,1.6331037937700847,9.270689345951803,-9.522288404021698
1.649186094995119,3.062180017764074,-1.8729532987345638,-6.64654981003575,8.574043508892695
-0.643650269967999,-4.261091120817252,0.937852939735314,8.13831354034246,-4.015026037209324
0.4234063164150043,0.5773506985158986,-3.3050185806920513,-1.2299026372248476,9.350306513484032
-1.203627948638651,-3.7122382045577678,1.7739893161978724,8.417783030351611,-6.596011389460345
0.6232429579469417,1.175783104679834,0.5825057877686111,-3.242185871612818,-1.0685428792881675
0.060564368419326366,0.24720127644534898,1.2579124361757845,1.1023165363828749,-2.3685215901806815
0.3557556498606699,0.6489508013720298,-0.45795652479761234,-1.0201617628703894,4.540438568652038
0.37940189268729124,-0.15011043348553776,0.06635525655360557,0.406101196716775,0.5663800627750244
-0.017329116486472444,-0.6921516429129738,-0.015607941490075494,0.027181433147072998,-0.697217658037684
-0.7372864865707157,-3.1322512542141054,1.714305754509843,6.051850803126369,-5.752746562871785
-0.18222194451961934,-0.6684162972632827,1.7230335961096472,1.7389377204033838,-2.2360861213204983
0.15761004536783346,-0.1138091466942611,0.03334321700177411,0.6873244861998218,1.3580432187142026
0.414513991269989,1.280677912185093,-1.3950624987776452,-2.6025812690925165,3.9711747420136474
4.31537542450065,9.674867542685593,-4.77450808821778,-19.200515664462483,21.307308913434117
0.2622484710553363,1.1620088619593423,0.54783174301107,-3.394416963171829,-2.322779723072892
-0.15575578057929787,-1.6459349478051157,1.0293912323553764,3.369416341180803,-2.403427493069996
0.31992750649181834,0.5029515212219539,0.3903632428885662,-1.7720026577057655,-1.2671707341280034
0.09338932481727823,-1.169352192766904,-0.6950966875606934,2.4336253626437263,2.563327784819217
-0.19467682931571545,-0.07243519234434563,0.5631129890957901,2.322989426742055,1.2870993910814232
0.09626286771237691,0.02742010612609062,0.5443565620275409,2.567149178603974,-0.7701082467403066
-0.010379895401822005,0.30528537119648924,-0.6898962049874873,1.124831534452599,1.4923119440108763
0.4102661709491641,1.6828751701408993,-0.831926583585715,-3.465804876853954,3.431916763491825
-0.5708069253446488,-1.662846598869798,0.8145096706421291,4.469649806036646,0.14951608668010563
-0.5623422194442448,-0.4840182991909928,0.6496324731999958,1.1630327474625122,-1.1908930007558798
-0.7725866447564579,-2.144310183960793,1.0209968136684326,4.881306666047263,-3.054845855740917
-0.010912217288006851,0.43198542629785625,0.003000743332078754,-0.6308796854563281,0.2592651247060055
0.034621709928768375,-0.09915160341758318,-0.9844246387677305,-0.3366948266364723,1.1857415413887193
0.9411915322498242,1.9145554483960898,-1.6255977775878128,-4.046047560025201,4.340619819446395
0.4668742473641525,1.172996650680307,-1.4446584485561864,-3.7156740639418233,2.668787275783165
0.6224957897954136,0.665721601810637,-0.5590565248490605,-0.721183759596057,8.077597435729512
0.2585801092713456,0.6239586788085485,-0.8087707633032595,-3.245973300460283,-1.6602378688998647
-0.04121832694636842,-1.474736548551977,1.6950714154084279,2.0967981520083017,-3.7119909941032825
0.7521930339921585,1.3332806804479336,-1.1963576330064942,-2.458473156639052,4.193125584966504
0.016684392893724934,-0.013095192996057022,-1.6217669845883218,-0.007620383896659262,2.7428177702326684
0.9034226649479326,1.9566092151325154,-1.4410214525022618,-2.7229328216229876,3.245299242433535
0.2155788183967122,0.34145404552882286,0.5137497380683734,-1.0045368437099031,-1.3058578099797133
-0.17060958827046405,0.6258595361285416,-0.32557076476299956,-3.609424619646477,-2.4834265339285633
-0.173842290707187,-2.783983737420029,-3.0439534570466154,3.5041556143341057,7.126280437555407
-0.849180369253828,-1.5150123850487613,1.1301640428550146,2.917416181698169,-4.543166409250838
0.5801456321749291,0.17999841270901495,-1.062521427043374,-2.950655685106799,2.02170667758636
-0.48920878027851616,-1.5068997557857398,1.1223616922296373,2.966619339957202,-5.207773484348767
0.20897115204118877,0.3254339489088786,-0.7199798732108261,-1.2289309251137828,0.3303190158733454
-0.309585912219826,2.568058033676361,1.8354637046895115,-3.995022668403576,-3.7526275046289954
0.28223689004911634,0.5357006249273695,-0.6274594946876448,-0.8693524264571999,2.3563756831421148
-1.086612086970837,-0.16783126098976808,1.499515702718716,0.7253796974858373,-5.344658789308841
-0.6721123155522624,-2.973247491374556,2.813951627573656,7.9470487296875145,-9.130061282705949
0.45891382648713935,1.501715456739429,-2.011396803619111,-3.4580579811291616,7.564438723956388
0.20548885667007336,-0.7705642278931395,2.297810063392804,2.4086391398139533,-7.235321625032744
0.8918759887927673,1.8320201858576224,1.1834780452180569,-3.724846996525841,-1.1591937225229703
0.39621245096798696,1.2343307199095581,-0.10073304132848473,-4.726583751359158,0.18958995292625502
0.9014918983279495,2.536694506789355,-1.1369172520517263,-5.18764672787095,5.214910180828751
-0.25415500474510105,-0.7540835564605055,0.26396097459891044,1.9412615392856523,-0.9300228772600447
-0.3500573451301843,-1.4335518537602083,0.417718018878769,3.193044866655529,-3.1869078640070643
0.0002248216962362745,-0.140693844174478,-0.41639004606286256,-0.8401179490224775,0.7179680525215217
1.2541252071754918,3.472049615954903,-2.038034120372188,-4.505225536505685,8.95162621376916
-0.960844006116282,-0.27567180824682197,2.277951296951317,-1.839279153324592,-12.69003735960764
2.3477495667569337,5.0810809008374465,-2.7544492444733835,-9.67505784618889,14.42344706937403
0.3878339765622768,1.1992780393025408,0.38992981192419435,-4.111289954761112,-10.345595937250147
0.1552588383967869,0.953076034419746,-0.4334301359353832,-0.630921576364018,5.159192372449301
1.2509826082902455,3.345647448343614,0.5607806650500468,-6.9510380357246895,0.4469536062758545
-0.35212704376150905,0.2972873804607765,-1.159733727539532,-2.3580675152812836,1.711145796125513
2.0196409714373735,5.131200468572288,-0.8106143427948324,-10.129253844745895,4.741246063351289
-0.23646173812750174,-0.8130025930555017,0.3137876772293975,-0.12113911699962188,-0.1078284254386882
-0.47493869347184003,-0.6353986150382626,-1.97891153778915,-0.9715232305600181,5.392340417138339
-0.35319718384043297,-1.7420771649506857,0.0012512867892648263,4.655370821763337,1.2285824265197853
-1.5340895670999875,-8.967124715402246,2.5081367129359315,18.317247088375307,-7.936242633111304
0.06355089585363599,1.4155070390346265,-0.5033366649411263,-2.715849993393994,3.41113420580313
-0.1847123450533071,-0.02455915902940791,-1.1251300202993126,0.3928322947194864,2.621560427817408
-1.364855042255248,-1.9283035730193605,2.2586815055236062,5.183936770445405,-4.672981821131976
0.1796631940155929,0.7305219077619405,-0.3104577270259578,-1.7999936691960536,-0.951861941597206
-1.1598131052706164,-3.951220588168674,2.0952119308365584,7.988687814805753,-9.11023174592142
0.00048664202786022283,0.03340999765552739,-0.8655526753448283,-0.8777715637033742,1.2974655884549604
-0.337443956384801,-0.8132689046506965,0.43914231558566,2.5094588496474164,0.06854416885160497
-0.7809778717339055,0.5379801291476727,0.8278088216965094,-1.7747145078444706,-4.755132737914076
0.5695313627520598,1.3524704102687444,-0.6137014889294459,-2.8344136952122527,7.74540108506466
-0.5292792565483525,-4.569382484532188,1.0152951076462475,9.753777190981056,-3.297289674155065
-1.0070640606477224,0.10480291200057353,0.7915373245977646,-0.13393119720833946,0.5320881133189097
0.29764987065171455,1.1984803243654043,0.1421219787393649,-2.6400516932723663,0.6752170489593974
-0.6076286161835958,-1.5143259976515864,2.8144311838463203,3.1826117185014002,-10.448904458961495
0.5182572528136397,1.6829816689614208,-2.117744585244619,-3.1181255621209254,5.330250431976181
0.18862033660571814,0.7774723187639005,-0.013465237882482894,-0.5508055417416965,3.9145114218720742
-0.36482895705822954,2.084139480306167,0.7701199699827568,-4.227766768467605,-2.866855159666043
0.5001438568890211,0.9579094402543519,0.404060094989081,-2.4247395605913646,-1.9180699272949517
-0.3613666357557683,-0.7439648903224938,-1.7052812111037277,2.688742356937427,5.156105911562015
-0.0003961951881301118,0.18519092992149566,-0.9831792136657572,-1.9857399329976804,-1.6120816636731703
0.277525955099543,0.869009714769374,-0.24533863918816484,-2.6821721427020204,-1.1838582553901604
2.3870428890141926,5.328168656797147,-3.070079144044705,-11.728449031415732,10.42383870376204
0.44007504774423223,-0.6760115115772988,-0.46220977285343534,1.3613209744251515,1.507003078588595
-1.6143602049239314,-3.929294443472736,3.060188193411419,9.582144863379419,-8.404110128385252
0.21693106927295014,-0.12287446646547465,-1.656743401661714,-0.4774648765100614,5.887659907874092
2.3676148556643897,4.42557256208653,-4.086119924118056,-8.265900135290842,17.043668381630223
-0.3586762465539812,-2.124148513165961,0.34878200428958256,2.9535485238882337,-4.032838773302787
-0.2027394148176316,0.338882162620175,-0.46065374888026656,-0.5939268836464213,2.837654754744622
0.7378791012767942,1.0523676353965303,-3.8813126341178865,-1.6399432440973558,12.380041314263746
-0.49661957031622583,-0.5913385106812769,5.1801933846942,0.8221045630855345,-15.140098003083349
-0.25002541983597093,-0.7529933189871886,0.33203256727419195,0.428336181971277,-1.5904856136134309
0.4616868001156328,-1.5381085293290044,-1.0593607086234218,3.2948032591203473,2.322903752457166
-0.3656215709028418,-1.3683383096479909,0.8382775227960345,2.5212717469601005,-0.04711795055755763
0.8871647359611006,1.53300556501258,-0.28496288690548444,-2.4819424125243965,2.1370311145272245
1.509661506953868,2.8491075637963816,-2.252854979790331,-6.176621627949947,8.49614057739918
0.1431160724594536,0.4864032186114241,-0.49130678710348297,-1.8083035582852718,-1.1882840160660193
0.18112064461369395,-0.22752870820982146,0.2689764052775945,1.0184575967387315,0.896043209458999
-0.17635809419989298,1.3782684686504545,1.6535766497990194,0.9847147325152279,-5.06236287401961
1.5021810842503607,3.034247247454779,-3.2658058270255848,-7.961360344957272,13.575946404407468
-1.073766143387984,-3.747863015562171,1.1419548083476154,6.45693632974774,-4.66896012486914
-2.5652076608957213,-4.5131682873904495,4.605269342996041,10.366597852717524,-15.248578145906286
0.02237285518662704,0.4626476341180592,1.260338600576305,-1.2243376279963503,-2.8424302710369385
0.41062537103493846,0.8948762304019466,-0.47548094619885933,-1.8796046756377338,3.96243147134229
-0.6931462980106187,-1.3924169567382576,1.5108066056409324,2.9229304219684513,-5.2505507547814005
-0.39084957145233734,-1.884935932230992,0.5419447783365996,4.245295266356186,-0.8126462596681303
0.3964228683314591,0.26860115767340653,0.30525960154296666,-0.20071142181047022,0.6531792786688986
0.3280214158210201,1.0178786461636302,0.6887478566168705,-2.220388435139921,-1.5589418710101925
2.1500507658147883,5.214560731150954,-0.4624621480545542,-10.679084794951327,5.2483910167293955
-2.295353756634256,-6.651433178270357,2.7806433153057464,13.117622756965643,-13.46342562356161
2.0989779248473868,4.875082668507454,-3.0908362351490504,-9.166626098495355,14.434565679111632
0.6001391747832083,1.581402132652842,-1.3956008242093376,-3.248190650598306,7.563661567219855
1.6560321513185865,3.315827288203078,-3.143977558334145,-8.449241144592987,6.762871660183871
1.3433446060886625,3.749011408587326,-1.5873510298006268,-7.157884893752947,7.312337178350787
-0.008974462848177647,-0.2781135850611469,0.12815649282915811,0.9712443120857909,1.173707456341336
1.0386055599532347,1.4973971928473884,-1.8143896035703093,-3.3343427466684132,5.002176424069158
-0.11183276195326765,-0.0452466075341403,-1.7311384596209825,0.5322209099295061,5.307234730402433
0.8505328191530469,1.1386544090892412,-1.000190504761895,-1.4586589579639928,5.790429540619319
0.1297153397913924,0.06905905391104859,0.44849906299826187,0.2868249678524972,-4.373565221683178
-0.1599070239618335,-1.2311304194103765,0.6115929046686736,1.0089974716088042,-3.2194884685528
0.09627320087078127,1.5313396111142723,0.846714968084684,-2.5847503853209743,1.163871668348608
-0.28815856326644096,-0.03929377809956125,0.6215778913171773,0.011248186862713727,-3.102903250896551
0.25628442464912965,0.6213934699214527,-2.371920170267497,-1.141290590644492,5.697234144649911
-0.8360842385793745,-1.8995863501780093,-1.7267786422045008,4.199718291404181,2.004356280886877
0.2287418232070162,-0.2125071349089357,0.1484374415268923,-0.28934620807861366,-1.9149317320624608
-0.3401357570540025,0.7367274388365215,0.7961192974993219,-1.5730798896725855,-1.0891695825740364
-0.8846705266927686,-0.7784824580905113,0.8630810736730883,-0.32412317187108264,-4.413586007900339
-1.1722906915535567,-0.7307133415990048,1.4788117227586293,0.3313429198874187,-11.761538413625036
-0.2998341357130342,-1.4261373672847872,0.537165497106256,0.6032968868462762,-3.3329301936730307
0.24664879737993264,0.7834052330752623,-0.38593861674408764,-1.1437858018653366,1.864267748640007
0.2913016074859693,0.1618068687505421,-0.37532836083643234,-1.1697999933561607,1.7629977375100843
-0.21735852642929976,-2.006377628769621,2.5046945945244055,3.663471858956962,-6.221209571752127
-0.9939416441226823,-2.6622731005059923,1.1867104833125859,5.4170918732596585,-5.171244862729117
0.19637432541380015,1.0157421451477464,0.11189842906216868,0.9104654926903022,5.1889937016427075
-0.45419558528005344,-0.3924953322445187,1.14095074236663,0.996849178876555,-2.7302117952670977
-0.6125961657057906,-0.4839472492661884,1.7787950975341558,0.3108420502096846,-9.139829120928429
-0.4664217676431386,-0.18993572364376746,0.6408873198018785,-0.6984269329489413,-5.2082166602333135
-0.3341815577894114,-0.13067781552043875,0.7969671076313468,1.7313504342332133,0.78677989607042
0.29539428890483527,-0.9466945177461221,-2.0036170932535056,2.501905329449098,1.6297660848002282
2.377262809375659,5.511800137578491,-2.9660916002418474,-11.517726773512736,10.007971512342243
0.6447838587077347,-0.6239132534856595,-0.0532034483059235,2.187135971214265,1.9754313023774364
0.25120740836264177,1.2239829583715625,0.165878212414126,-2.8601606606175443,1.8594948894532517
-0.7390030374209493,-1.7938319449124713,0.6913047614955932,4.684966558429624,-2.0260691535559006
-0.7794592385263196,-0.657112498333621,1.4408883801506167,1.4155557270864982,-3.067445484331201
-1.2222831144859456,-4.284976446494025,3.298795856125046,8.513736775339797,-10.220026558424017
2.4903661279291613,5.2032090964910305,-3.0989912221006493,-11.53205573927345,8.726031814317457
0.5517975223786376,0.43535543707359,-0.626294388645061,0.3703707313182052,2.6822341194062833
-0.1827690612206956,-3.951750002026132,0.28233509119800165,8.184564574353603,0.6902183804372601
-0.12540593415358112,1.0028092885008342,0.5741332538761059,-5.985454894551067,-4.070936165483146
-0.6187878081413741,-2.6379055105614553,0.8154595320806944,3.158262476600817,-5.872202782334459
0.41775719752598905,0.4678044888760742,-1.1122292931952071,-1.1557186496407819,3.2243475157769756
0.32078304154513004,1.1149522122884121,-0.7731087921542469,-2.706573724283377,2.5214531612804034
0.5190428539339125,-0.6691871737203913,0.7256010839266921,2.5748453724774247,-0.7531325980807204
-0.5997394410866805,-1.605409671711071,1.229559175390016,4.247041816527421,-1.6386519502972825
0.39180089229897214,0.5172891101529671,0.39777684833833576,-2.3760453796597005,-0.30027348572061663
0.7287866423689996,2.8659217414100504,-1.5980746904846608,-5.888449871821976,4.201505184541834
-0.10943798948972623,-1.964425798526251,-0.9093032564413354,4.1928393733763505,2.1428427899497566
-0.053329432555339173,-0.52404719005041,-0.4813877976576954,1.4963961967845278,1.6391830264090759
-0.01197368683315769,-0.05889836360761402,-0.3049017718034396,-1.096103108392207,-5.0882038694686855
0.7208262075072551,1.4810009893326637,0.7651201781111429,-3.0696248094965584,-0.811997822621095
-0.2077655817585818,0.3451668565560174,0.32145301230882173,-2.5611641431386114,-3.1978337182342007
0.9404006085647362,-0.9498069528159117,-1.0257516590460485,2.001535381112647,3.5442206847232502
-0.019614631041566213,-1.3407299881074637,-0.1509473970015297,4.113392160433639,1.5292387177551614
0.3237392729264122,1.289374322750785,0.1635855603864395,-2.7157275308465896,0.3805724505072524
-0.556502164038155,-1.3462544975056403,0.9884775937994015,3.7047628218524005,-1.1306696033130117
-0.02928330858490344,0.7768149659911202,-1.4343006841632124,-1.8498235849878282,4.278195847291394
0.029740176410410917,1.1349808844977904,1.3564271282865514,-3.8478035914713136,-2.0430039722929814
0.44820052725477955,2.7120698026966434,-0.23139397437039544,-4.385918184419366,3.8795578046561126
-0.4246688460188093,-0.3815588058453286,0.23330324313698914,-0.46928742221125863,0.15360002608827794
2.0748173709533795,4.449656663655221,-2.2941788531664002,-8.391003353579372,12.854024554852808
-2.417526926198581,-5.771342829850925,3.421830642351496,10.82178604810263,-13.016290515082478
0.8475075477010675,1.9115587429493204,-2.1137328478254602,-4.5194197101289735,8.496593476225634
0.5810055703976735,-0.014734678538419194,-0.17722944676571267,1.0710557226603536,-0.7646496777071327
-0.9059373868124213,-1.7698686127421754,1.270445815432484,4.749941738316285,0.01238660608036768
1.8754030198669673,5.333410177552697,-1.9542628749956004,-11.373429768229327,6.701186064802906
-0.456993153330461,-1.6493789390258402,1.012957866143889,4.157038413391725,-3.0274722787738026
-1.6492116636280139,-3.7506354334460874,1.649068668171816,8.127969724656852,-6.8511953883471906
0.3531226498827226,0.9302326395588538,-0.24226312226686292,-1.2180968940336,1.6698523974178394
1.1069590491815582,0.9966783374206791,-1.3971024420431593,-1.4471179589824361,5.626955070962833
0.0776653532882431,0.20091699428783952,-0.2640713970789362,-0.5157995049218931,-1.1292563858329183
-0.29920388218790867,0.8249107557246859,0.7853132116154022,-1.7524937375873921,-6.3705696212732095
-0.03847010829658718,0.3476244745364227,-1.5912832605676819,-0.8114503836491824,3.1643272620642913
-0.3769638358199874,-1.075407534345057,-0.7502055373855263,1.876656258669325,0.07804895805487583
-0.29233551431203497,-0.10959479159397245,0.1498393752225536,1.0676976235817728,2.89467329187644
0.30274664117464456,1.6480195635172725,0.2819133601849049,-4.109193335301324,-2.099508336121339
0.7622577700984363,0.5761589821747196,0.04801105018338621,-0.5426116585385692,-1.8019081555782699
0.30313521095332524,1.2305800095101351,-1.1574163983719967,-3.1110267289512907,3.3963954424026066
0.977573305717729,2.6528565563700153,0.10005640638340144,-6.548087786104566,-2.945907639438075
0.07436515056666618,0.2621789507847292,-1.7145779204319216,-0.24866441458247035,3.391829007468187
0.6396513477929545,4.128920980609574,0.18277807163969023,-9.107358425708385,-1.4497831135619879
0.23720549831383406,1.0660336062684546,-0.7766238546187303,-2.6383775479622753,0.9806822724929088
0.05109446778342547,0.31129459103422247,0.34233548022806687,-2.049859202216675,1.7153946361217491
-0.9128909175649782,-2.0040840065225236,1.7527528946028024,5.7836293654804924,-5.166593439788088
0.4395554384098302,0.6256511548067424,-1.8157968970240854,-1.8249255316660244,4.999948406925717
0.3612871886937661,1.8264646942648175,0.4805473787709476,-3.70802886051743,-0.704253916163569
0.7587044588641843,1.7031117314523085,0.7464309361819416,-3.9054424354472355,-1.660871384308529
-1.3885906135338097,-2.4323440624405674,2.004814604685541,4.99044092610368,-9.409350139048525
0.31568121764558993,0.0006123634523393299,0.368728651681174,-1.5204293406860008,-1.1995766558027574
1.7859275894427145,4.78995549273897,-2.910047154608096,-9.638230077837179,10.08595106356051
-0.26141235962203335,1.0600049740082573,-0.6667274698655111,-2.435588616042718,0.5223618818105581
-0.11887838958341872,1.3427044864147812,-0.5783337647103398,-2.9253607340408987,-1.9205517144121025
-1.1888577039999064,-2.0161297903772186,2.126024863025445,5.373797193974042,-4.230227099821217
-0.4485041438972299,-1.3250340538228902,-0.09226261816446277,4.2706930334896525,0.25263570428004967
1.986180298762943,4.4511938995153475,-2.460530801047145,-10.515700500396424,10.413508801437871
-0.2905811833183494,0.8706931543187822,0.683210746164784,-2.18334174574785,-3.1725621092024947
0.5539436749297435,-1.6030618827128025,-0.1665390691834488,3.324453555571526,0.581063771170844
2.209394951605693,4.617791896281811,-1.796169795126371,-9.167371630228043,9.688718920684765
0.798057823918213,1.508747129024223,-0.7752846333162251,-2.073366479679091,4.746626445167334
0.5700460640320616,0.8051840997832062,0.9752243525732872,-0.7686367952708124,-0.5628611366179309
1.3949253456127535,3.3484977411480865,-1.5111954104412553,-8.2477613340109,6.199768624827646
0.06408559454606975,0.2566069047405366,0.03622121129879112,-0.9374672715113719,-1.9332762329696336
0.2457564837731456,0.659006948219684,-1.2689988299329067,-0.7695007256633959,6.582009907468248
0.9015704680375392,4.099622790759852,-1.0030957885035172,-8.325441073047928,6.448073130037329
-0.5370036311603107,-2.0898373074784473,0.30871513602553613,3.981343604958828,-4.082350367278313
0.4064430969083969,0.5118769992520869,-0.14747867478287083,-2.0655285934027283,1.3779138787725436
0.4681794124690079,1.1708943537509957,1.4343649458004972,-1.8379795107572905,-2.0874789231565734
0.37151884507987537,2.449556121048853,1.1894380273175729,-5.062881465248613,-3.4622757410255827
0.6952695908941339,1.1373319539429478,-0.8870072385978282,-2.291467506960178,6.120991447844015
-0.7630896827623265,-0.7801644174326743,1.2489888811901342,4.013011842313075,-3.5349298059208745
0.4787486651523362,1.2867219865032953,-0.24404379463820935,-1.2973688551874156,5.598357078303016
-0.6937951871683498,-1.3625257040141827,0.8477056164461211,3.510755623234563,-4.573938967484088
1.6053317098702364,7.191853231966719,-1.7957456045391391,-15.128934251057071,7.958908770127245
0.38502462272532423,0.9725334124761074,-0.10595873551514813,-4.526597155072538,2.410868619426874
-1.536798866799957,-2.851188823679273,2.6917304360925596,5.543911515696155,-10.405168924863174
-2.144562925511374,-4.11129009097936,2.9666524693408975,9.169219032619326,-9.777632992103122
-0.4177115242176138,-1.8390223041972575,1.0662282857058727,3.4489332607067507,-2.973318035571903
-2.629752934315706,-5.794862830149476,3.934089304670844,13.422175797701136,-12.43451297484392
-0.714687603832127,-2.3831119290663483,-0.6281605237983695,5.402461045472005,2.907607542149052
0.8715397090852012,1.759912293669647,-1.328511924873376,-4.256462239473306,-0.3719281995723977
2.012261768592655,4.085827143452693,-2.6590675418535095,-9.841868300185297,3.8383970201057327
1.713293199667651,3.743927458831528,-2.6590430597698234,-8.317437903908512,9.646068310226806
0.21390861481283063,-0.8028955448827162,0.8488429598366755,3.0935689395934305,2.918037630876519
-0.49401128493149654,-1.125412929823975,2.1700014217268464,3.123378215841215,-6.314700274072905
-0.922247773269452,-5.139411607495729,1.0182220982203045,12.473934097429556,-6.410701860259971
0.8625772062181741,1.0602293678552124,-0.8659816149211962,-1.7341014027599893,0.7176917141475347
1.1565720264483565,1.111282417769216,-2.2043622722568506,-1.5282362577736865,9.083956925936855
-0.6357903730093953,-1.05218449620713,1.949894795996847,1.3429761681419894,-8.27796302469046
-2.0444091602249275,-4.506906358329504,3.1789356679379277,8.940564162441637,-12.628281610348205
0.2174791278782517,0.16080563006632484,0.9892214528859593,0.13811527367553966,-1.9919665625663039
0.30057818581167306,-0.1180217275154985,1.6358512991164054,1.6619495630231051,-1.0816989855267025
0.5718339092675986,0.19262002157694494,-0.9181002681107763,0.010365152633965924,4.823810056370053
1.4849096409929123,3.2071213425352365,-2.0507963664869404,-6.245350685142231,7.392258914523376
-0.4637778191467642,-1.392565899940975,1.3863123375094935,3.233079627180047,-3.9914252952932143
0.652141500068424,0.8936177375920852,-1.6182437163873729,-2.6373754771514224,4.183890844230209
-0.4344601668751587,-1.8768633894873554,1.109842897226408,4.9870654988996375,-3.048687203586435
0.1997910164084415,1.251989700401439,-0.8180997522938381,-2.9399799805146927,0.02409566464567814
0.8952328775652251,2.8035037577939628,-0.1795957109068398,-5.950749907748256,2.5826329191160875
0.36467528447588043,0.4574505207263487,1.015315002107639,-0.9845492139995913,-1.4132144995106737
-2.282874436956375,-4.620254336802329,1.9044255236234418,9.045921909069978,-8.880377890315449
-0.7236518764912536,-2.195163986218998,1.2983375600578604,5.3838586241535715,-3.1848686383228566
-0.23251491764178436,-1.9012357986096051,-1.6866126233089644,3.8215484691489268,4.057923914000366
1.2330279562124942,2.3922651110735558,0.6235439546551932,-5.188335246902965,-2.3904781644031248
-1.3034164394085421,-2.887185242837922,2.1887129228770186,4.797915470678139,-11.678776654014886
0.017046685013307937,1.1034764873474485,0.788615526758802,-2.1951575273647115,-3.8283558607800328
-0.13153879809603053,-0.7279579782128116,0.46265130982180885,2.4943908625741438,-0.2611643517583111
0.03332264167157432,-0.4366421631018563,0.4616925335106343,0.6171348838856667,-2.026743927863465
0.3868718479277599,0.5977058132047659,-1.2694593042459021,-1.4422717495039337,3.1211116110482116
0.04635219876685564,-1.1163114101760068,0.029409760086276663,3.009569789725024,-1.350504665047713
0.6702452966212876,1.615130035243811,-2.199834087616071,-3.7088641840290433,1.0333394965546503
-1.0733880189873382,-2.9996115156945997,1.089851214655546,6.478080293991231,-5.392907972041157
0.18510846260297475,0.24026957618262562,-1.9874808496682488,-0.7068584387921264,4.734740441149823
-1.1475616279324032,-2.230886918998353,1.6317224099392253,5.746707629620401,-2.3542239865074093
-0.8092316098933409,-2.3673159974145093,1.2487881311399942,5.5930174415366425,-5.199239492892182
-0.7526424052889712,-1.7116848419080462,0.7800505561073274,3.965988396400921,-2.7737531823046613
0.028426983652775645,0.43237707205899534,-0.25488727362377867,-0.7899016937147402,1.0317656277654397
0.6823302651642268,0.4827648430717546,-0.7595490560544409,-0.22949277634306992,5.92834207906656
-0.22058331078472262,0.2802945126373974,1.1042407583541016,-0.698591026320178,-5.183113967414776
-1.2249729138884373,-2.2502556159992464,1.8205543882329387,3.88613520659655,-8.919839053614588
0.3580484355736322,0.7452688016354203,0.4644235996964159,-1.4689952234243715,0.41070465274402745
-1.4033146644428323,-2.6779840740308947,3.5685062356831097,4.074289234076433,-10.766314703690997
-0.08281550205556631,0.012276424375084692,-0.7592151730165716,-0.04901342830719996,1.959378025987416
0.15619051039157544,1.1345701839398372,0.49490797894251176,-1.2389827970552898,0.42412608896187076
3.2373146650085665,5.354953416884938,-4.807334937733654,-11.206095797925881,16.979459169761565
-0.13114016697032774,-0.128966130582964,-0.21919367265679257,0.7853875604014888,1.5444247038937429
-0.5850832291287207,-0.5950654740436695,1.2704747734325814,1.71820820915313,-5.6199953623994885
0.8109766214916567,2.0318647423521736,-0.463489711667897,-1.7103455001736032,2.722174333825652
2.297363653992758,4.527489857033291,-2.5095064659536543,-8.580066214298833,7.699903364018317
0.21143125086301046,-1.7129569138071683,-0.2703702626822963,4.383228786660837,-0.9993691313814327
-0.4967215961555281,3.041171333573196,-0.8102548495032569,-5.178986113736238,-1.4118864827901034
-1.041001155420468,-1.4221578365018126,-2.0154002998499916,5.657160266935506,5.149787937135832
0.5337430922391546,-0.31224093729992286,-0.3414583108787903,0.1722657720150326,-0.5903601450248015
-0.35041265990677023,-1.4253174904018953,-0.19096659137402905,3.329174153657329,0.5700267487598547
-0.023209641737830466,0.42916171589434343,1.1323704540187076,-0.8368457977731736,0.27183019079958104
-0.9053999950146565,-1.5728634792897616,-1.2334087087778474,2.5484838388852213,-1.819670632191817
-0.45458252099110175,-0.2146872710997534,1.8086434500640296,0.9743464100493722,-8.9324088034936
-1.1381839123614899,-3.2384240896303984,1.1202114434397357,8.096074087113728,-3.233557794963319
-0.0874495570822732,-0.5730815174200613,-0.04171330564295423,-1.7508888511778313,-3.809145821664016
1.6826714692299856,2.6614642678200124,-2.1537173215865706,-5.309896133676014,10.718949746930274
0.5221022751250711,1.4667678025798505,0.10839821826983953,-3.6021617841209244,-1.4645090210648628
-1.167927238123699,-2.271989132796361,0.5707774587002525,5.0121144820870605,-2.863920203634209
0.843883361864054,1.822388250824591,-1.2620956521783548,-2.0997352866076797,3.48684430624197
-0.09826087694420535,-0.7446680296028974,-0.14808037008982736,1.4613365644522427,-0.013211045965710544
0.24762953827099426,1.2381355914020706,-0.3091693550151693,-2.9853195966885604,1.338984074561904
0.07373596754051313,-0.6197834080275155,0.6319541660308656,1.3625389426573897,-5.188651903336387
-0.3129549233674981,-1.8573187278370882,0.36235686217637275,2.5258206760284523,-4.941913087851281
0.2188806280185969,0.20575694759335886,-1.2031163588185942,-1.6915538441397306,0.592496794996847
0.7479678203460685,1.6800546307626654,-1.4633999280540844,-3.2859319647297562,4.6258121037446855
0.7574786295948759,1.513332832877554,-2.976502009623742,-2.0897316200564484,9.853075107633883
0.0014452122537323786,-1.9516284389418526,-0.476785475327355,3.2020786449352663,0.46381116308197873
0.09209875163180928,-0.11124396055994604,0.07460097628007803,-0.46948897233315734,0.5459228142753859
0.08078156453796385,0.36799178030917673,-1.03961672060287,-5.008908320671015,0.4873929626927139
-0.8876403600600877,-2.84702675039725,1.7474467734084775,5.897640330388149,-6.554491575463078
0.16959817661254795,1.2556625422744165,-0.6174503394284112,-2.4347267018183296,2.576900882638476
-1.6031986604782764,-3.394336342086618,2.5106875447130355,7.292443673593827,-10.352698828476397
-1.189660565221403,-2.2285941826656304,3.01741793437061,4.11544435911923,-11.020882616460232
0.050818604359190826,0.2784762111788603,1.2922770511377493,-2.9814967590729333,-2.5294479919545143
-0.37308085197980306,-0.7736102647352753,0.49679022462380473,1.6177833131788097,-0.6113487168191112
0.05992936789071613,-0.3125735529065838,0.43405243086408235,2.681246934182278,-1.2855527425740487
-0.42110491836655367,-0.06508701063482536,3.9321826639489426,0.1825432561660779,-9.965108504584114
0.15162701211504898,-1.1353948332389352,1.2032172918020947,1.6448440587321784,-3.8441615991483467
0.6975609346552986,1.4509725674382397,0.6797879266262843,-2.965873061257592,-0.32589297577722637
2.1498380782533224,4.922705235619683,-3.5686235347463993,-9.505163403017002,12.721138825320292
-1.6933022264560018,-3.1978336937091547,2.2777301541908264,6.486676183973205,-9.450744027756954
-2.624063851882408,-5.486444165807738,6.792209574899401,12.578248101455094,-20.907975093167856
0.6488681443172438,1.4174967907129048,-3.8484973342949504,-3.2926992215426747,9.388862153564467
-0.7991360961727795,0.3889272417869311,1.4910678948140172,-1.6549054279462645,-1.3164100320975738
-0.18457200263755644,-0.43501421466049645,-0.8341122460059548,0.8591179271057836,2.3857688375908674
-0.13374559016971466,-0.177046767338145,-0.005286324332753634,0.8105546044180202,2.426895639192338
-0.12925361130544058,-0.7590767861802499,0.34544832553672283,2.4834602835731294,3.3053844433974833
0.07772694271377803,-0.9386905784047214,-0.21566925204251067,4.716354399118371,2.206068632084567
-0.18943295762730045,-1.3289638688750134,-0.943183626344923,5.02536589936941,5.200565736548022
-0.8363636158514555,-0.7435343408438169,3.2956361428708885,2.7443452813456606,-9.017248706717979
-0.27729759660331993,-0.29917557242994747,0.2971277289520195,0.3805435357218127,-1.4008375303737768
-0.4962006662748414,-1.2310255725243213,0.3660243911929097,3.0729363884202607,-2.8422635748648135
0.357205024665883,1.2880802276814327,0.6793561293695763,-1.5425333333950042,0.7630982553518209
1.021818945626161,2.1754978332172104,-1.4189666816846054,-4.267229822794262,5.756014787567506
1.6857485595843376,3.6643027805588138,-2.208034256752759,-6.512084504954817,10.117004858365032
1.0089386373915903,3.6612082107818518,-1.7542833941697105,-7.698495174527504,6.382469812197633
1.3553299023052616,3.977106917382498,-0.23020293628013763,-9.891953542230679,-0.566770152383463
0.8760816328836485,2.711171098909836,-1.4280211118786237,-6.066931967993387,7.0340216416434425
-0.726328683563259,-2.884380719481311,-1.2707554617867394,5.806899912159306,2.0277151867933303
-0.4163550048671322,-1.6372714378906683,-1.199305406682489,3.12009803411129,1.6096917081736748
0.06386302763505794,0.24415063363830464,-0.35385362327294395,-2.613892807905752,-0.8323283610116603
-0.13056624647040604,-0.18834265818995277,0.4096096838776372,0.40599685336413505,-0.7799954213806048
-0.31167153023227306,-1.9197495512106693,1.7418099197892134,4.627030720227503,-2.6824068353135266
0.657526411873497,1.3697270252823233,-0.00947461801169219,-2.4586626774235576,1.9263852925421294
0.16679654326654259,0.3959696025403005,0.7120761859194049,-0.8366044632570933,-0.5151755863997668
-0.1409233831222827,-0.22051274301294077,0.5058123711149407,0.6626852103945192,-1.43966723209053
0.6533281781214654,1.7829772065204157,0.09997146597791853,-3.563661265798122,2.0282193078360757
0.32215588499043263,0.3823506068035349,-0.14184263476977377,-0.3736080858443168,1.925804190225026
-0.24630521124114838,0.39543257804407184,-0.3311879853727308,-0.577890317844791,0.5818538419755489
-0.31513184100061753,-0.7353306177001115,-0.03401171684131542,0.6249991190389292,-4.009688356420839
0.6697047664125629,1.5601458048804162,-1.9519732839044486,-2.316631694136196,6.963272237052832
2.3636315794252827,4.634008160787545,-3.1445172041957816,-10.742107771195311,11.950437613245953
-1.835001366784487,-4.654688960961416,1.6224946074854574,9.750436850695129,-6.2109021465134715
-0.2502695253174285,-1.5478147838971714,-0.5143114026416233,3.619103097745977,2.1468466501762853
-0.3452220006594289,-0.0323557801182955,0.8550081678445854,-1.362569613750467,-2.315315227216943
-0.7914466639572139,-2.493984855969128,0.18247232548235318,4.470383080734367,-1.732472693637329
-0.06430271357010613,-0.3757151568586145,1.326126996835323,0.10960008720428482,-2.41816780208116
0.38945987459287496,1.3580534048026756,-0.7494009486216605,-4.712876268150499,0.8375906668190595
-0.8799146046354935,-0.5763078276169008,-0.27956231008972743,3.44278164258953,2.0817565204641575
-2.3565723155319924,-5.84856651914472,1.6895477598497857,12.47199728906885,-7.243383549715189
0.07090133823867277,0.7135168453185624,3.0372687571794725,-1.0659723990940724,-5.557387499526789
-0.11808037366156038,-0.2165052953856466,0.46353112889512565,1.17854963838164,2.1668107284355735
-0.13031253014491978,0.09021436981131481,-1.4177864211826026,-0.49655431929719773,2.9672634174932857
0.3158817540608622,0.9041306485099904,-0.2658667464795395,-1.4001190615227455,0.7131478938917206
-0.044285706120879495,0.018527718259569483,-0.6268223155619277,-0.14755774429669938,2.976657912718651
-0.584174398800006,-1.3237913456537407,0.030203654087214208,3.6274170365426657,-1.133198549802029
-0.1707482303953686,-0.1700241816166333,0.944844829175972,1.60929256808188,-0.17737258330973116
-1.0027335823001604,-2.611857808511294,1.271630311407292,5.1210405589909085,-6.4229466829946436
-0.7535750493993724,-1.8284369411050063,1.8215966938309929,3.930726468014532,-4.095742540477169
0.3442073097978812,0.7064639514349993,-0.07675457469949003,-1.6155523813015145,4.677211561882945
-0.42832687189120006,0.5508813872559165,-0.6053621712029916,-1.6366801564959383,0.5282457324261679
-0.40350304699036144,-0.7138345539359914,0.7827746739555512,1.9746874795575557,-1.8829891184395056
0.08395702906847634,-0.08585351002035531,0.6227474502981029,1.2549609558996606,0.48923154235845967
0.4181241339435501,2.222410671468893,-0.9305848593904493,-0.907977757461921,3.20807931107065
-0.09654110133567516,-0.18194944970154497,0.07909483443795973,0.43934067940924215,0.8117512570939981
-1.1801080845188203,-3.6153273078720427,-0.1071301945894872,6.096686776783216,-2.1636260807388155
-0.32181380495023865,-0.8630668682475595,0.41655606511697063,3.879680623538314,0.7757788061647517
-0.05525199655641889,0.5405965062495949,0.2749254708138207,-1.14838626249528,2.2304378175414215
-0.37825206530991157,-0.22437318273911883,0.6545070387980745,-0.6540357543591171,-2.6471053654785472
0.5282851158216352,1.271886781858452,-0.963252092360863,-2.7449315307718862,4.3260757107330825
0.35254704329724595,-0.9033206260293722,0.701661601418047,1.5722915405312643,1.8417099068321472
0.2268333563505991,0.7140475626730389,-0.9187977398744618,-1.169791719737322,5.29703900901563
-0.13572767646476955,-0.5659273930639421,-2.408094717223298,1.7634497099982878,5.710384885431676
0.35044546706307744,1.3790052207248467,-0.336766310280084,-2.608894486140019,2.6932689332794766
-0.39378713268624077,-0.5682888972708577,0.3724091477317588,0.9055773510073899,-1.4981909661198967
0.09284395479797584,0.024067991944065507,-0.4526043182043362,-0.5449069820278232,1.1658143818836304
1.535370910443825,3.38770977762846,-1.8601963229130172,-7.410384976478056,7.215686688195456
-0.8200122747287516,-4.356594603831928,2.3002660018937275,9.169757597710207,-5.047411386592909
0.08768683860894624,0.5768880064195433,-0.13830160241418618,-4.046476994710911,0.629312920672339
0.2064013122536503,0.48804886192667735,-0.10496241464292684,-0.3221343007616413,2.9205525557447505
0.3217679032452174,0.4245789551233904,-0.7483387145409134,-1.2942370833318684,2.5336039272025013
-1.171932823875876,-1.9017599889666095,-0.35590660107434446,2.826181009471064,1.498961866345559
0.1715650061523259,0.31354955288707803,-0.5470024638845755,-1.5231420387753545,2.074097078527339
0.24625378443360985,0.6904502286762377,0.2948932213936242,-1.6364793278910088,0.8960940294547215
0.6495814448778565,1.553401744350117,-0.2635151128767437,-3.341988898327509,2.5215917180037812
0.7461857090455564,0.6991646068772208,-1.684974250334872,-2.5155671785036717,-4.7693296116867305
-0.070325947586036,0.21800569142189716,0.07144910531317135,-1.1534335915976617,-0.6899617409619572
1.467565618738171,4.493286422960171,-3.459645540317589,-8.645898109524696,10.166277824863627
-0.6893879339181775,-2.5881290697518224,0.694154834173245,6.612954519736698,1.8336017240788092
-0.7449261613981457,0.03687813370290852,1.5650638617706625,-0.7950353057515427,-10.456394672647939
-0.041000869341603303,-0.0819839388743164,0.3365901287891591,-0.6316789183168195,-5.9627864443770155
-2.417541737733905,-7.000974964404351,3.5913127403138905,15.542581577683851,-12.31636521716146
0.06486034937948444,0.8246320755342144,1.464287824464807,-2.6566580698219937,-10.567506262521896
-2.415579618352765,-5.697658896062719,3.3267794205991024,13.92134279860375,-14.86777454190946
-0.388352861930868,-1.5993946861971424,0.7633300356743621,4.411192349478392,-2.176350660935594
-0.3079232293819394,-0.33451672923045794,0.06596164982671031,-2.021623881365476,-1.4549477045508146
0.7511650786226347,0.8677144858622308,-1.0574256422524413,-1.7880122060277164,3.75326603461563
0.6028819968646755,2.180561003784296,-0.27408642302723185,-2.696835496228767,6.3563500829836475
1.855718826098316,4.346310406940113,-2.2429052525245043,-8.442756315669506,8.772930261862983
-0.11205943817867747,-1.4080086132078096,-0.9481091996741445,3.361879751956615,2.9220397317668794
-0.2466461717309835,-0.5164857427343628,-0.5782209952029082,1.2036222532276626,-5.1062099680675095
0.4805652403498954,-1.125257128132611,-1.2098697290461677,3.2221991149947287,3.711060560500602
1.3073353793087188,2.99937290928094,-0.306946874342927,-8.779605790451782,2.424567398651612
-0.81064475284417,-2.779650666515096,-0.4115600165184161,8.086792570807308,0.5183362004089402
-0.1630298575911392,-0.22543348397096452,-0.2748896266605152,-0.8600910617258586,0.15460886672994215
0.6835787793056602,2.4231348507269916,-1.1947923782166436,-2.0816320769927112,1.8649255316532747
-0.28205628465685645,-0.021032260484151667,0.32774986742206735,-1.2109920984239135,-3.5486375840389264
0.3890383736315744,2.3177939784490054,-0.3922793587475995,-4.742577258423111,1.168766217569853
-0.2527283830579941,-2.2059396806071874,1.9387803979071636,8.287835083928442,-4.49332042082125
-0.36008308828604396,-2.1093717854711977,0.3507249692106149,4.716889706428813,-1.2248925088584088
-1.1956081202956488,-1.3561720148521483,1.038311910871012,3.024447012441133,-1.333909694462772
0.6729336578886886,2.10207059277389,-1.1890949850981387,-4.967431882463822,2.3712714016110135
0.29008775910768414,2.166899609528342,-0.29678715606924605,-5.003678893268545,-0.8041298746482644
-1.0441872475095444,0.3016296308662856,0.5085446617908496,-0.6975762035635471,-1.122350933491834
1.1006025139255462,3.1117651300083007,-2.1261832396586944,-8.839528013537414,3.5819942422579016
0.021825735771174658,0.05681222491631159,-0.10797193582845883,-0.6198699923939219,-1.9797400657882673
0.8811256604762037,3.0056462754237856,-2.897181227943216,-5.268640076373616,8.50589828498531
-0.660347614604981,-1.116315409054323,0.873448425831907,3.054963312395354,-3.207886772192012
-0.1403690516827892,3.6118894422242986,2.3181517854033835,-7.878542113491566,-5.511492130581328
2.8319470258366555,6.222116811604195,-4.265994415224089,-13.359645313564636,15.601541895284674
-1.0292439803590094,-0.9040639131574224,-0.9497873638429878,1.9252760323940283,0.5646969724490782
0.05387048717355178,0.42675453553727294,-1.1487737519970846,-1.989387924976883,-1.1631578237579074
1.045783969330301,2.816896255187675,-1.4483021621140642,-9.028190051767815,4.936435290951111
0.07640436867217139,0.6800349815692754,0.702698348474133,-1.1616497878135674,-0.44279105446184475
-0.3831840237319633,-0.9801944458807855,0.5108200233271469,1.579492382242859,-3.859486897067486
0.7874312241124144,2.092732680222695,-0.7110406404003732,-4.5578333785109315,3.4885984386652806
-1.2004722493328672,-4.631047481124389,-0.8934570635119111,11.215685179454795,6.077900688813566
0.1365903614557997,-0.7000467467730112,-0.6480970434393117,2.386419054409757,0.8523530813605062
-0.25728035933266064,-0.5575434231780556,1.3036409706368268,2.3787250403104863,-0.8946002578600744
-0.6776358885944863,-1.4169890364001687,-0.11250981218731458,2.246952941506299,-3.7045785119596166
-0.21571535217157092,-2.2479954059620724,1.381076266411586,4.424702884336847,-5.214814017817998
0.6913486541927951,2.179145574307026,-1.3987578215388883,-4.677027238245684,3.482915394925255
0.10405992588535525,-0.20366373137650437,-1.0085049905484396,1.5250851060192343,6.545831042508946
-0.24821839380115163,0.5046105044532688,0.5011564582577165,-3.4137189968153097,-4.087440118939908
-0.4739532170109005,-2.5145333112956014,0.8235319399930202,5.7285415153515675,-5.110782557040501
-0.25669222154239185,-1.1295813331889002,0.25025983980253214,1.887061626237178,3.513981400595921
-0.15446491041889554,-0.05118136691620206,-0.3644246757135378,0.4269131038610992,1.013058222684302
0.4653720198118304,4.163598852129632,0.3040183361549177,-8.07454694644333,-0.6888349905761354
-0.18976253221350275,-0.11897091137491184,-0.28793966461301257,-0.5070993174453605,-1.9827020507486237
0.4553341802383398,1.3710029316976884,-0.10542075076360542,-3.2176809337165935,-0.17207060433138588
-0.8054427013381579,-2.775658588871992,0.5191198284312554,4.4688356007025725,-7.8807084720770035
0.1305582597710669,-0.0074530234282520055,4.666709302745714,0.2497809769124708,-9.704479682702596
-0.4939863686941427,-0.3999273991445097,-0.5702234988520376,0.8904453580076609,0.33005522357102834
-0.8347888365702634,-2.8615763793957694,-0.46846741259966596,5.89585898658882,-6.752065576900747
0.7140421195259042,1.1314436511820483,-1.6518640023586812,-1.9187876279110612,5.641971065074463
-0.5183803405537722,-1.1974715198988117,0.6182639261633738,2.770959520634953,-0.5089704911505871
0.22636073044801058,0.41226713450170605,1.5591812515121992,0.6349152767014494,5.260048829729155
0.34680145218226727,1.115462763145926,1.3864157323717246,-3.2600717592898287,-6.22298874285081
-0.1321946743950178,-0.4853414017411737,1.7899772089272443,-2.601342846240756,-3.9819858635339416
0.46039539194122336,1.581974745184886,-1.3125269974825966,-1.883387495374187,3.006202028631674
0.04016288527657882,-0.08863553337759864,-0.19747207799136376,-0.3946870643409208,-1.3875989700086742
0.7654179809878672,1.7214903541808122,-0.45128276670939615,-4.190234716441643,0.7064538237249595
-1.5298821714023811,-4.210802103056253,2.0486249934387044,9.027020835388731,-6.570513076369657
1.2629191947710823,2.2529851344988465,-1.435626714378422,-4.799893020221831,5.312886935900894
0.6488690796684531,1.52933767906851,-0.9169419151941474,-3.6935595775294976,2.7997555856263445
-2.816328400677173,-6.981147131388025,1.0926853448080693,14.317471609179513,-7.450508902419296
0.2758216353157665,0.5118948902390449,-0.11160352329599056,0.4111132542847838,6.060992191052961
-1.3468861482839927,-3.2337839826823744,2.0490268750410072,5.597435843379336,-10.176014954020852
-0.06343280259594399,-0.798179514708808,-1.7701425709420724,0.8870882931804631,2.9053936146279566
0.5891634275770797,0.3292674539055581,0.6543363143867456,-2.6698771338461618,-0.342022676634918
0.8804590487665941,1.9020229419659118,-1.5697783937177199,-4.537972151231359,3.225637317561291
0.763216719475695,-1.8023670026987963,-0.8714803787619716,4.620383907036818,7.406535550467658
0.6604834276079342,1.8401938080410942,-1.214442865099348,-4.036239134069765,0.9701684933861372
-1.327003738760301,-2.6731569776895765,1.8104222302885733,6.240909622487429,-4.701201707712275
0.2723399448480314,-0.8843113955972218,0.1632259370923353,1.415542548697488,-3.853533320400414
-0.6630736963637741,-1.5158289441683344,0.3038001842964869,-0.00025959788819518437,-0.3631920404877097
-0.14197881244467017,-0.1830055121503798,0.36607201317016685,0.7146445271259796,-2.5084910425237026
-0.3153394813349745,0.9880695689373621,0.7570466104329877,-0.6114679949828932,0.7467961934517513
-1.8901935026796086,-4.36141654154899,2.6901274035877583,8.664286286792075,-9.287118360631194
0.09339105672974539,-0.27609544027228033,-0.21461054226331655,0.27831653211000995,-0.6489333445857965
-0.2627271682354597,-0.015530534472731238,-0.11959393875884096,-2.870425474463664,-1.5170518784183404
-0.31301580071732055,0.4550625105903561,-0.04317177893569334,-2.6252542504278225,-7.019992204665674
-0.6657499539181997,-1.2041209400320596,0.007938582493539698,3.171136813393785,2.7839792669582843
0.43974972921025524,0.5329283551184891,-3.042375933468242,-0.8503619593611322,6.533941898425828
-1.8096698613732918,-4.227843069498365,0.33963007881721463,9.22227914389465,-3.0690575610822375
0.9024876191661525,5.343729303046079,-0.8495886466345722,-11.273920945532996,3.2081203014908546
0.933171494108166,-0.028558944810279232,-3.328023627448312,-0.34258507640101343,8.365800563892936
-1.0223955281335058,-0.8159681340388436,1.0214120490762582,0.9292695580741817,-3.617024801274039
0.3709652462278457,1.4206586522084494,-0.7765172886093807,-3.4314497463839224,3.45055389126539
0.5806138298112696,1.4468398802261766,-0.4452310120575469,-3.49211480085827,-0.06541957898844974
0.9291652506313731,2.5797163261960914,-1.983612887170424,-5.384123829523657,6.743695863779463
0.10310163911882585,-3.0332042247162496,-1.4395661306559595,7.183271100144734,5.660446541177153
-0.4366928040457726,-0.3882188516610995,0.1766942141510291,0.7081992416225729,-2.0741482643255402
3.3426576357173583,4.780804124777655,-4.882730924688143,-11.884183360299543,12.837820985298007
0.4195012717639635,0.4456098982584047,0.32973928639257716,-0.7759515839419162,2.0024539901955096
0.0483011990412336,-0.9163741884574667,1.315522518215896,0.6180946982144668,0.4621971579050077
-0.17555725504658237,-2.0278342683244945,1.1546692762559754,5.096509680099727,-1.5697766615050253
1.664670733847982,3.6787932682063835,-3.2294136526513264,-7.634935064198846,10.366248126805946
0.25775446353901327,0.758413491219095,-0.7598771526571001,-2.572910565054258,0.692770984509012
0.07463258592707969,0.13415043160621887,-0.7670401603467397,-1.832377061217417,-0.8210617164500514
-0.19076597527061898,-0.3404167230565502,0.7241969566780074,0.6448882102703609,-3.3865762755361835
1.146008253144305,1.407712751486167,-2.648081101596727,-5.276717021004279,2.734213871247672
-0.24380352017023915,-0.9480906210930975,0.23680416900841794,1.2408063104852758,0.6111334074563277
0.37103890114313687,0.4902475051246045,-0.34877472693003886,-1.4352408270511106,2.4558126322001104
-0.1950404189911732,-0.9140692474796113,0.28113547639018205,1.9566447144181356,-0.05468148027770969
-0.029573454987369376,0.871004762713023,0.03854669055835612,-2.7656171785602304,-2.584984500338912
0.40143046537713506,0.7994663196662304,-1.175085246966895,-2.174154499591275,2.4374887987243623
-1.6934921111438022,-3.1079556326718727,4.512907923092687,5.633832973400427,-18.021502923516657
-1.1348070636248018,-2.893678758634333,1.5913751149193025,6.420156001339593,-3.8253642660475156
0.06012178232927956,1.1271720124548892,-0.6445630081651681,-2.3638322441085053,0.942472182600411
0.3387385578509304,0.8762345400628944,-0.04268088037406937,-0.8564097023441783,0.1200907942649212
-0.1645554994650702,-1.7116997023939506,-1.5456529529509722,4.058194341495316,5.735250173806421
-0.5333839537840446,-0.9866774850258313,1.372290843786854,2.682623366080935,-4.1604094141794405
0.38229452449756557,1.4759843106975823,-0.4044551349826747,-3.5087988442452938,2.316355341163568
-0.40368064400074705,0.0753041594226397,1.609356180114145,0.1576581331749451,-3.962682593283233
-1.6893305498319473,-3.259260849389645,3.182708600193262,4.939094106257194,-12.676778347568971
-0.7410089643714606,-1.9533403963582203,2.315353643634993,3.749802519172165,-4.847987809937246
0.4278103145050774,-1.5170525402756916,-0.37043890657865786,1.5804547872672041,1.8180576959038481
0.10813900642974997,0.2549953448704367,-1.1947356079675064,-1.1288721418479934,3.67948520045947
0.09883168820998682,-1.2423066673492724,-0.24927561136026238,3.0208319977018325,2.9776314521609746
-0.5430602945849823,-1.7560110899684522,0.5970244361023889,4.64363519831082,0.20329261326601264
-0.22853580842742452,-1.502580710368523,0.5943589880274645,3.3441777282678333,-1.5847300441295404
-1.424929559786099,-2.7147197158598413,1.6310270864396008,5.41889166920915,-7.158730569496088
-0.4386198923039048,-1.2006270546891318,0.6838428170893817,0.2138804181600858,-9.557974802592728
-0.3033364224738814,0.6459135378038157,0.20221493541757596,-1.065035997730034,-3.2665872477824314
1.2053722656495924,2.8908391641895985,-2.151453421540425,-7.0068620133502115,10.89551641489196
0.1307976143242406,0.39131321215138465,0.6356909239150292,-2.1607569136060034,-5.060479593671941
-0.9063586807272174,-2.6786918485709936,0.6966023191127758,4.338062031248645,-7.307116641986908
1.22365682814283,2.9668818521372686,-1.9943742285945973,-2.56975838756415,8.737987793564981
0.032490561848807414,-1.5517329913350897,-0.2322606273907973,2.192460176853733,-2.367651458891774
0.4533120279425921,-0.030809282669641308,-0.8138355932733635,1.3634534585188316,5.3530135277005355
-1.866642323590101,-4.2672354101013035,2.7562372120981236,9.770973200840404,-7.235022270531291
-0.34542462620734243,1.765097627857405,2.3807750881854113,-2.387103828250616,-2.3815558430389543
0.06831648754131207,-0.23440479921776156,-0.020242171048113655,-1.3137635138540857,-1.1787046782422994
-0.3231248552090919,0.24566033678696772,-0.43854303063886696,-0.5512099660308358,1.980488636899103
-0.6055850673972716,-1.0286943454586424,0.9909603064169512,1.8693593646542275,-4.874436338081879
-1.1069138950375799,-3.4120686482357856,1.5336914521686218,4.257151432519999,-9.351003460474882
0.6276139675509048,1.9162051390280832,-1.4778026589907851,-3.261389653834258,9.669685058603338
0.19613651011988786,1.0827922694934733,-0.7961018455022331,-1.6930828714328008,4.710549605462752
0.2818913305946627,1.041073971464956,0.3228689237979724,-2.1685815277019955,0.975667979034748
0.7853601104015863,1.2143510479503823,-0.821498673310247,-2.336565610264206,5.2187508757833445
0.32880766291658525,0.40607161101852013,0.3811582373382696,-0.6964420551966981,0.08404777227925936
0.69358436430941,-0.17008085242159485,-1.0815640489032559,1.7848952026504905,6.968562125385382
0.4236512589324954,0.7669451565827274,-0.15340248362414077,-2.3526137529557567,-4.088782979761688
-0.778811138737962,-1.7120369207337505,0.2318914299272627,3.7418454910578713,-1.3089782788184163
1.5768321667333771,3.733388117333157,-1.4282051379018308,-9.788846206983113,5.176597121933938
-1.361434137254089,-3.0711447753302585,1.4199644867954495,6.760487934448481,-5.634174529459914
-0.30497371320616135,0.0461633515121932,0.01763378495137432,-0.06321495898118423,-0.9354442761340673
-0.271640818921818,-1.5996824923543902,-0.12489637254255884,2.7040580367309635,0.23047857729572038
2.2734437766462388,5.327544856805824,-2.669451202717299,-11.252309821000077,11.812375923693192
0.10167259758731607,0.5341309574769803,-0.8618020545784133,-2.5856033879806617,-1.043154424454557
2.629072065504845,5.954209389386641,-3.737704136455199,-13.255814406117807,14.195018835253537
0.6449221505614572,0.8463228547144653,0.8214860255181098,-2.7584165215798953,-1.4065784299519446
2.687138936698139,6.334075572013688,-2.361333961511898,-12.550753073035619,11.505956485328506
-0.6176506277298326,-1.5996532261108984,2.4607096860334683,0.384087320918971,-6.833671446427095
-1.3407457808458794,-2.273061786916468,3.10405814663389,5.7318074501243474,-8.594889570346668
0.16075453921382515,0.017092989919156327,-0.7579100267972134,1.681655329538672,1.8657053439874622
-0.3119157803444594,-0.5733754554531135,0.4962593565340237,1.6383326581721145,-0.185398083499893
-0.4363371185811498,-1.2793724075389923,1.5455296752198795,3.001663448973469,-3.766428521200903
0.1872909737446679,0.17900929997233017,0.17945160518791142,0.5067066366327022,0.262118789093305
-0.35195057102790167,0.5911871453630403,2.1849782822327746,-2.543332049926877,-6.3355754430293745
0.27237217297428784,0.6865318154663769,-0.03063216653844622,-1.0197452039998853,-0.069224803714479
-0.517589877590275,-1.9771510881014058,0.45256231187878404,2.8232754464265737,-3.0493353917122614
-2.14665392189453,-4.5283485031150255,4.467898300804081,9.101413584651697,-13.623433639408434
1.6240077492467169,3.775129571541397,-2.118717557104555,-9.127779638626986,6.136625988733886
-1.032133065172347,-2.0952928951213803,1.3058724115107734,3.70806980349401,-4.806023978260804
0.4207186057418751,0.764639216064214,0.3250813383121079,-1.247138647144623,2.138983507307018
-0.003937342767823339,-0.3866033273592026,0.39317790363816135,1.4211347769640075,-0.38651767881345556
0.5537068352896352,2.059202057484992,-0.5802440889953426,-3.992465582996226,4.423523907771038
0.013097357339231851,0.8380673160914622,-0.7407970082210313,-0.3951804359064728,3.6403907246502567
0.37375814738009017,0.6523804135715993,-2.4739660860856945,-1.3804769530069227,7.218980269218829
-1.222463669491954,-1.886327108402106,2.2453276091709253,3.9521051154799114,-7.653273265634551
-0.07835804899379242,0.5038490275458826,-0.5062953648301888,-0.7688137945841862,1.7144901803300676
-0.29805422219294897,-0.9649966645701988,0.5875287587138874,2.976959818770355,-0.9128082672709102
-0.9014737601539446,-4.769555590658899,0.7084963783758718,8.186698275970228,-3.14069619868329
-0.32533510471856925,-1.565894887090626,0.41635405214634724,2.827677281154446,1.6695072396437882
-0.8424620656792169,-2.091106834594971,0.7112207203482848,2.0251182813464768,-3.7690195144413265
-1.0681200292085227,-1.6753148141791185,1.4309901982043205,4.097951159869172,-2.0098614989020085
-0.8501440823121958,-1.6948677375193169,4.0859177494734915,3.033746279939264,-13.434301187603214
1.0077130715488842,2.4658113462023477,-1.1666893452161369,-4.07832685094209,7.1570323723123375
0.04307653065770629,0.18346782291818106,0.6878901805918826,0.01611654926853115,0.06141459041387087
-1.4475219156625183,-3.9640132761347564,1.1166464922828003,8.294896956787452,-4.106183969206383
-1.5273854616808582,-3.133752791937135,2.737064099951003,5.294529903005578,-14.60353916295436
0.04722339336499773,-0.1336943046181144,0.3369298211988528,1.3171374556174598,-0.44764739761573336
-0.1336894087015366,-0.6767978347380146,-2.4394372465620986,1.4025913304900184,7.607906775033863
0.5195265017565135,2.0770593471601613,-1.1956225705259333,-3.1371100345475127,0.20825867080146077
0.451761464978399,1.6900300058847089,-0.75908119112501,-4.2863091612933255,1.2940776032483718
-0.020650240446746744,-0.044340032166585094,-0.12966279785736695,-0.5125047326415292,0.7652359014667728
-0.057810724190152055,0.29963917670803497,-0.059058557189531215,-0.7783824687823653,0.9463595508624294
-0.7809843125640188,-0.9742500135409075,1.0541483553536402,2.5928296719099775,-3.197088467636302
-0.5476744943548297,-0.7217955163091304,0.975874128596256,1.1372307776684312,-3.0146024133147225
-0.9811709553693211,-2.237398719753794,1.4956802670492846,5.18832862123598,-4.148160878731392
1.5200741477771809,5.21122279742551,-2.9316376093920606,-12.170393437722709,8.205262615443063
-0.17560893005414166,0.08916228284058367,-1.4744144593331254,1.9204466562266749,8.215525812115157
-0.8968911370697941,-1.685251577491946,0.8219413200150255,3.6634430478329776,-0.7720516418692067
0.5081086456235359,1.8572691730115194,0.19105417701564129,-3.8405798515594625,-0.0019612622439019733
-0.3263146620110101,0.901799378067763,-1.1619347280199521,-1.0839825395173008,5.324794067915763
-0.5326814859183759,-2.2418782615117654,1.0950083550317231,4.506092192273207,-3.894668357642945
0.12059645050813124,0.2978553920349189,0.38408248695852787,-0.8324104138860475,-2.2061392591506177
-0.13658046879320487,-0.5697284636194317,0.0718193806381581,1.875583839849874,-1.7493642454023894
-0.17948600140811727,-0.37326532050125144,0.2589390860506263,0.42109754979940583,1.830594215979166
-1.4995294358837232,-4.414807341339303,1.8940834589775621,9.363586096700022,-5.587477265272649
-0.3793060685128327,-2.6894524209872515,-0.41180124182517963,7.098115853534779,-0.11448585359769058
